# x_m,y_m,w_tr_right_m,w_tr_left_m
-1.89924893,0.000751065967,0.020985871403396257,0.0030799458943337834
-1.8995603144932955,-0.0006132347394155164,0.020835421375080286,0.0025307828196099893
-1.8997472217100604,-0.001572392622821222,0.020775845333471557,0.0020468947852534136
-1.8998113922556141,-0.00213361386281949,0.02086962487843788,0.001580471016525652
-1.899754566735274,-0.0023041046390126895,0.001388887082515007,0.0012435826012522355
-1.89957848575436,-0.0020910711310031986,0.0020322338383171193,0.001255279413910426
-1.8992848899181902,-0.0015017195183933839,0.003749380288091317,0.0013004316915945083
-1.898875519832083,-0.0005432559807856159,0.006493745956426231,0.0014190697918622487
-1.8983521161013568,0.0007771133022177282,0.008167574752151557,0.001615895442421767
-1.8977164193313294,0.0024521821510142773,0.0038638267060361236,0.0018904528163089258
-1.8969701701273216,0.004474744386001661,0.0015958870278688956,0.0011162468998849229
-1.89611510909465,0.006837593827577506,0.0026442098891524077,0.0026509436103316453
-1.8951529768386342,0.009533524296139441,0.003950342809638768,0.002123040694539215
-1.894085513964593,0.0125553296120851,0.004542477691170615,0.0015205115867865094
-1.8929144610778428,0.015895803595812105,0.0012000370655576027,0.0008459422026123685
-1.8916415587837048,0.019547740067718058,0.004239984627157109,0.00010187243025155483
-1.8902685476874959,0.023503932848200643,0.005084057840924292,0.0007091826910357236
-1.8887971683945362,0.02775717575765745,0.006026035553314936,0.0015847223259350827
-1.8872291615101426,0.0323002626164861,0.0007049563339795523,0.0025222545467689594
-1.8855662676396348,0.037125987245084265,0.000837278675702049,0.0019375840562014463
-1.8838102273883313,0.04222714346384953,0.006939396673868382,0.0008150140918869986
-1.8819627813615494,0.04759652509317953,0.0007331303242607786,0.0003656492533592568
-1.8800256701646094,0.05322692595347189,0.005053566826951068,0.0015150819868847672
-1.8780006344028282,0.05911113986512427,0.008667532724262315,0.002819623183101489
-1.875889414681526,0.06524196064853424,0.008264082477993373,0.0013909310937880402
-1.8736937516060201,0.0716121821240995,0.003984955611140046,8.8731413475514e-05
-1.8714153857816302,0.07821459811221766,2.3955779339160033e-06,0.001100403299467352
-1.8690560578136741,0.08504200243328627,0.0009912176111212857,0.00046874325351404394
-1.86661750830747,0.09208718890770307,0.002470158814815366,0.0010039902554251259
-1.8641014778683371,0.09934295135586557,0.008258447900703783,0.0007668631321958842
-1.861509707101595,0.1068020835981715,0.005246620581245984,0.0025780895437932322
-1.8588439366125598,0.11445737945501847,0.011054588690587936,0.0016588383493831285
-1.8561059070065515,0.12230163274680406,0.008671789795541118,0.0003592349359783465
-1.8532973588888886,0.13032763729392596,0.00630073719296005,0.0024119901192532814
-1.8504200328648905,0.13852818691678176,0.0038867846636388317,0.0018558513523920803
-1.847475669539874,0.14689607543576905,0.0013719187901010301,0.0004141358473844344
-1.8444660095191585,0.15542409667128554,0.001305634727889217,0.0027125787522579593
-1.8413927934080632,0.1641050444437288,0.0004095947216373623,0.0015717650795952615
-1.8382577618119054,0.1729317125734965,0.007417090162171736,0.000955384758448288
-1.8350626553360043,0.1818968948809862,0.010996898449107055,0.0035041758524612856
-1.8318092145856795,0.1909933851865956,0.01503194144805359,0.00077896844441187
-1.828499180166248,0.20021397731072232,0.016317141897119122,0.0020113125477644613
-1.8251342926830285,0.20955146507376393,0.015310957211575856,0.0011303489262156187
-1.8217162927413406,0.2189986422961181,0.010820151496843101,0.0004176207263301611
-1.8182469209465024,0.2285483027981825,0.005555151698707374,0.001996515015827647
-1.8147279179038318,0.23819324040035467,0.0005966030556531144,0.0008649845655692905
-1.8111610242186478,0.24792624892303233,0.0077544746902803606,0.0024731275818368884
-1.8075479804962697,0.25774012218661296,0.005298504210252108,0.0022542735089228156
-1.8038905273420152,0.26762765401149435,0.02499576037841861,0.0013876117501345803
-1.800190405361203,0.277581638218074,0.014229509826672607,0.003616080314678529
-1.796449355159152,0.28759486862674977,0.005347076844571949,0.00036049400398000436
-1.7926691173411806,0.29766013905791905,0.0048789955919020305,0.001695536140190945
-1.788851432512607,0.30777024333197944,0.005789576126497972,0.00022316222759056312
-1.78499804127875,0.31791797526932863,0.0010262849585407554,0.0012758351107847285
-1.7811106842449285,0.3280961286903644,0.003645424706912554,2.45697418925256e-05
-1.7771911020164612,0.33829749741548426,0.008224504586357638,0.0021465693938475597
-1.7732410351986656,0.34851487526508595,0.012710146413065343,0.0028169217965103785
-1.7692622243968612,0.35874105605956674,0.017101760060269436,0.001441952061733635
-1.7652564102163661,0.3689688336193246,0.00046211010573007325,0.0005105008980192677
-1.7612253332624994,0.3791910017647572,0.025601504008538625,2.0874594090103125e-05
-1.7571707341405793,0.38940035431626174,0.020908263495831088,2.9968125731921543e-05
-1.7530943534559245,0.3995896850942364,0.010310979270298053,0.00035358331432308436
-1.7489979318138533,0.4097517879190784,0.035652255839325506,0.0004884806047510434
-1.7448832098196845,0.41987945661118564,0.009275892986326861,0.0023995964718918172
-1.7407519280787367,0.42996548499095555,0.030675988255337964,0.0012998352468535754
-1.736605827196328,0.4400026668787858,0.02623985428732713,0.0009225467427682997
-1.7324466477777778,0.44998379609507416,0.01988983836126039,0.001638222712119384
-1.7282761304284042,0.459901666460218,0.0308816757822666,0.001533895466743976
-1.7240960157535254,0.4697490717946152,0.013708744116880544,7.434430611237883e-05
-1.7199080443584605,0.47951880591866336,0.029340837678508196,0.0008528638399090475
-1.715713956848528,0.48920366265275994,0.013380331862844505,0.0012634232311255682
-1.7115154938290464,0.49879643581730254,0.02802176268455389,0.0011761733839315929
-1.7073143959053343,0.508289919232689,0.020044420345425737,0.0006130957105803219
-1.7031124036827103,0.5176769067193169,0.02693281459123401,0.00040068879959048606
-1.6989112577664927,0.5269501920975838,0.024220705189892982,0.0018369171328421518
-1.6947126987620003,0.5361025691878873,0.024664035793743024,0.0015185700715927722
-1.6905184672745515,0.5451268318106252,0.025750672065562075,0.00065148081584408
-1.686330303909465,0.5540157737861948,0.0006712760051545752,0.002287946607954522
-1.6821499492720593,0.5627621889349941,0.02527798664345632,0.00043265065681069066
-1.6779791439676535,0.5713588710774206,0.025140411111554163,0.002354851221534993
-1.673819628601565,0.5797986140338718,0.020014230403403274,0.0006848425047727238
-1.6696731437791135,0.5880742116247454,0.02507056564184358,6.6145498337436735e-06
-1.6655414301056168,0.5961784576704391,0.02514173544716429,0.0007722179042669594
-1.6614262281863938,0.6041041459913504,0.02424793703921225,0.0005378338521724278
-1.6573292786267635,0.611844070407877,0.02550591793165634,0.00012777853072715048
-1.6532523220320436,0.6193910247404166,0.02580332860602542,0.00235803918362793
-1.6491970990075533,0.6267378028093668,0.012155893138971979,0.0031036462517457556
-1.6451653501586108,0.6338771984351251,0.02664156942517456,0.001689691241818433
-1.6411588160905348,0.6408020054380893,0.02718844662928172,0.0008205492952277152
-1.637179237408644,0.6475050176386569,0.012385049056451266,0.0008252165061707604
-1.633228354718257,0.6539790288572255,0.02095767362689196,0.0016736969043586502
-1.629307908624692,0.6602168329141929,0.02938585077032998,0.00038772831504577625
-1.6254196397332676,0.6662112236299566,0.02644894434493707,0.003589408743859181
-1.6215652886493028,0.671954994824914,0.016547130271385012,0.0003664754989430273
-1.6177465959781159,0.6774409403194633,0.0073626537572468705,0.005326934165868832
-1.6139653023250253,0.6826618539340017,0.009767237137133905,0.0012163803140124727
-1.6102231482953502,0.687610529488927,0.00832501913053232,1.0858995925759356e-05
-1.6065218744944083,0.6922797608046367,0.007292813397434939,0.005482086398971286
-1.6028632215275187,0.6966623417015285,0.0018192202571148915,0.004161688518679007
-1.59924893,0.700751066,1.8078636246404616e-08,1.650708612397565e-09
-1.59924893,0.70075107,1.8064315903342268e-08,1.6601052967682324e-09
-1.5956109476438194,0.7046507493771921,0.0003182290499338997,0.0008064877834389762
-1.5918813556684586,0.7084713088130669,0.007367575153687734,3.8124148338853384e-05
-1.5880620958046026,0.7122132120822553,0.011187473491839241,0.00011318273953701606
-1.5841551097829325,0.7158769229593869,0.0006765789360313402,0.0001806979222334155
-1.5801623393341329,0.7194629052190923,0.010999060078404805,6.235425331988129e-06
-1.5760857261888863,0.722971622636002,0.004548228619818688,1.604480358060272e-06
-1.5719272120778751,0.7264035389847459,0.0007836578748840629,0.0001478098973483064
-1.5676887387317828,0.7297591180399549,0.007330728229506701,0.0004533834782154971
-1.5633722478812921,0.7330388235762583,0.006174658228321833,0.000263205468167669
-1.5589796812570866,0.7362431193682876,0.006166884205049531,0.0002925001806650954
-1.5545129805898488,0.7393724691906721,0.004829817029086717,0.000298574210207107
-1.5499740876102626,0.7424273368180427,0.005622067410777232,0.000498326228230579
-1.5453649440490098,0.7454081860250296,0.006023645093949549,0.0001407306121013422
-1.5406874916367737,0.7483154805862626,0.0010800380761413091,0.00020142410157808783
-1.535943672104238,0.7511496842763727,0.004220874695572042,0.0004540238387063284
-1.531135427182085,0.7539112608699895,4.440999512841e-05,0.0005821270896975249
-1.5262646986009982,0.756600674141744,0.002406879250021213,0.000616519482320847
-1.5213334280916602,0.7592183878662658,0.012563187170073653,0.0004816002272135194
-1.5163435573847546,0.7617648658181861,0.022414724126879594,0.00016622491935265103
-1.5112970282109641,0.7642405717721344,0.017474353293101836,2.364214545492987e-05
-1.506195782300971,0.7666459695027408,0.009630260130106238,0.0011456685725800826
-1.5010417613854594,0.7689815227846367,0.0019087402200604262,0.0002709575088767309
-1.4958369071951116,0.7712476953924511,0.005698918260443553,0.0009736951908789201
-1.4905831614606115,0.7734449511008153,0.013200173638019274,0.00021376950288407888
-1.4852824659126411,0.7755737536843591,0.0206013958355722,0.0013190562567426082
-1.4799367622818842,0.7776345669177132,0.027908007964785254,0.0007988682149776246
-1.4745479922990234,0.7796278545755073,0.028168535235490344,7.493656884616653e-05
-1.4691180976947416,0.781554080432372,0.02100704911851436,0.0004994891862237865
-1.4636490201997217,0.7834137082629374,0.013934604349333253,0.0009013881153888433
-1.4581427015446478,0.7852072018418346,0.0069476837614435485,0.0011050208417389704
-1.4526010834602014,0.7869350249436926,4.332298389705506e-05,0.0010814968057044877
-1.447026107677066,0.7885976413431426,0.006780955919267128,0.0007982552897250618
-1.4414197159259259,0.7901955148148149,0.013527202629237607,0.00021843953337216305
-1.4357838499374629,0.7917291091333395,0.020197089711405963,0.0006998626011590035
-1.4301204514423596,0.7931988880733465,0.026791957679307025,0.002004545760065677
-1.4244314621712995,0.7946053154094667,0.029492122926330466,0.0008685984809824377
-1.4187188238549666,0.7959488549163302,0.02304800123639656,0.00034890125238119996
-1.4129844782240424,0.7972299703685669,0.016676844778884755,0.000111160255426912
-1.4072303670092101,0.7984491255408075,0.01037798569218043,0.0021933156253201662
-1.4014584319411543,0.7996067842076824,0.004150958542742975,0.0007273249258079685
-1.3956706147505566,0.8007034101438218,0.002004523744232635,0.0009511629906190258
-1.3898688571680997,0.8017394671238556,0.004368112064439304,0.00010708128550606912
-1.3840551009244675,0.8027154189224147,0.0014153298837230393,0.0002060699706974776
-1.378231287750343,0.8036317293141291,0.007267812626223759,1.4114419537831295e-05
-1.3723993593764088,0.8044888620736289,0.013185959723353803,0.0006550453728977748
-1.3665612575333477,0.8052872809755445,0.01916645046161287,0.0017718974441508894
-1.3607189239518436,0.8060274497945067,0.025029412749354038,0.001964308661421638
-1.354874300362579,0.8067098323051451,0.019372053874624234,0.003587134103739037
-1.3490293284962365,0.8073348922820903,0.013786370105972083,0.0008052145941260024
-1.3431859500835002,0.8079030934999727,0.008272887251806926,0.00215173114242379
-1.337346106855052,0.8084148997334224,0.0028321818835519174,0.0020249783140632504
-1.3315117405415755,0.8088707747570699,0.0025351273674213684,0.0008273834367176774
-1.3256847928737532,0.8092711823455451,0.00782838782803932,0.0040856575982698325
-1.3198672055822689,0.8096165862734785,0.013046920195021126,0.00012427393598178174
-1.314060920397805,0.8099074503155007,0.018190025409635966,0.0038739418899599943
-1.3082678790510451,0.8101442382462417,0.02325699105884902,0.0010694405273539457
-1.3024900232726717,0.8103274138403317,0.028247097360060053,0.0028819999135522175
-1.2967292947933677,0.8104574408724013,0.028758414880553914,0.0020080054750100194
-1.2909876353438166,0.8105347831170804,0.023896306082488123,0.0018948864283676284
-1.2852669866547013,0.8105599043489996,0.01911166000994045,0.0019774071872248546
-1.2795692904567044,0.8105332683427893,0.014405297789968935,0.0009130636241666783
-1.2738964884805095,0.8104553388730793,0.00977803701844726,0.003864151726401411
-1.2682505224567993,0.8103265797145004,0.005230687754729664,6.286418026466193e-05
-1.262633334116257,0.8101474546416826,0.0007640487081455124,0.0037624941741270096
-1.2570468651895652,0.8099184274292563,0.0036210964134921002,0.00013538671910012312
-1.2514930574074072,0.8096399618518518,0.007923982422084086,0.002737960437462317
-1.2459738525004662,0.8093125216840995,0.012143866062239115,0.0016817207800262912
-1.240491192199425,0.8089365707006294,0.01628002934687969,0.0017200769637903991
-1.2350470182349667,0.808512572676072,0.020331782843480292,0.0016091043282803104
-1.229643272337774,0.8080409913850576,0.024298468939547464,0.0007100591767867048
-1.2242818962385305,0.8075222906022165,0.02817946511702736,0.00018925215011189833
-1.2189648316679187,0.8069569341021788,0.02902369711462461,0.0002907372144170436
-1.213694020356622,0.806345385659575,0.025276399030086227,0.002199601196087733
-1.208471404035323,0.8056881090490354,0.021617704535296364,0.00041131482658185095
-1.203298924434705,0.8049855680451903,0.018048426443468955,0.0005178421501172665
-1.1981785232854512,0.8042382264226697,0.014569352629067809,7.414100455974484e-05
-1.193112142318244,0.8034465479561044,0.011181244339929017,0.00015640971947034017
-1.188101723263767,0.8026109964201241,0.00788483452892876,0.0017422864121699679
-1.183149207852703,0.8017320355893596,0.004680826189545596,0.00021093370734981046
-1.178256537815735,0.8008101292384411,0.0015698906789555127,0.0009476622753609147
-1.173425654883546,0.7998457411419986,0.0014473339886071786,0.00079641838135914
-1.168658500786819,0.7988393350746625,0.004370244896512659,0.0010584589624194694
-1.1639570172562372,0.7977913748110634,0.007198276047842085,0.0005096824674555249
-1.1593231460224838,0.7967023241258314,0.009930900275560641,0.00114017249265438
-1.1547588288162411,0.7955726467935966,0.012567631262662273,0.001050001190657989
-1.1502660073681925,0.7944028065889897,0.015108025695380134,0.0005021202000391881
-1.1458466234090212,0.7931932672866405,0.017551685573641302,0.0030977348291802314
-1.14150261866941,0.7919444926611797,0.01989826070374548,0.0005028255180549619
-1.137235934880042,0.7906569464872375,0.022147451398518272,0.0006030629093131502
-1.1330485137716002,0.7893310925394441,0.02429901140968416,0.000358078694716277
-1.1289422970747678,0.7879673945924298,0.026352751115445744,0.0006937906475795812
-1.1249192265202272,0.786566316420825,0.028308540982674314,0.0018826478541417117
-1.120981243838662,0.7851283217992598,0.030166315316838374,0.0006440262558917866
-1.117130290760755,0.7836538745023647,0.028541603819045202,0.0016018910420972801
-1.1133683090171893,0.7821434383047701,0.026989202384320954,0.00015980869915985696
-1.1096972403386482,0.7805974769811058,0.025554872870741898,0.001104370351856344
-1.1061190264558138,0.7790164543060025,0.02424068108394329,0.0008488217811440618
-1.1026356090993703,0.7774008340540906,0.023048893352266616,1.3997912258868193e-05
-1.09924893,0.77575108,0.021905158943125787,0.0008550941042137044
-1.09924893,0.77575108,0.021905158943125787,0.0008550941042137044
-1.0959583290779955,0.7741223816021764,0.020770569628009643,0.00033240081235235856
-1.0927604734534713,0.7725684436346734,0.01956608507898533,0.0006605692082169006
-1.0896532965659351,0.7710875037546262,0.018368802257954498,0.0006133374000072256
-1.086634731854892,0.7696777996191689,0.017178902344334102,0.0006150877450052668
-1.0837027127598502,0.7683375688854364,0.015996577860007605,0.0007056914531837031
-1.0808551727203162,0.7670650492105631,0.014822031611095755,5.492977020180125e-05
-1.0780900451757962,0.7658584782516832,0.013655475363763908,7.855096183891874e-05
-1.075405263565798,0.764716093665932,0.01249712822303178,8.896676860498841e-05
-1.072798761329827,0.7636361331104433,0.011347214683725708,7.89063515274831e-05
-1.0702684719073912,0.7626168342423523,0.010205962324141905,0.00014677769824101726
-1.067812328737997,0.7616564347187927,0.009073599116023184,4.054191266044039e-05
-1.0654282652611513,0.7607531721969002,0.007950350329528939,0.00015489978444867232
-1.063114214916361,0.7599052843338086,0.006836435019408353,0.00043999937782240054
-1.0608681111431322,0.7591110087866525,0.005732062088994211,0.0008161564646418359
-1.0586878873809722,0.7583685832125665,0.004637425942373044,0.0011161908767909345
-1.0565714770693877,0.7576762452686852,0.0035527017523697127,0.0010521056874041688
-1.0545168136478857,0.7570322326121434,0.002478040393040763,0.00026714494060434504
-1.0525218305559725,0.756434782900075,0.0014135631100219883,0.0003996292152987035
-1.0505844612331559,0.7558821337896154,0.0003593560299320868,0.0005432227533647556
-1.0487026391189418,0.7553725229378987,0.0006845353598658241,0.0014013795995117425
-1.0468742976528367,0.754904188002059,0.001718111598902714,0.000628815586548667
-1.0450973702743482,0.754475366639232,0.0027414243167315304,0.00017210819262271013
-1.0433697904229828,0.754084296506551,0.00375458075394666,0.0007792888732628622
-1.0416894915382473,0.7537292152611514,0.004757747505173351,0.0007567585068422617
-1.0400544070596482,0.7534083605601672,0.005751153240920598,0.0001328874612232114
-1.038462470426693,0.7531199700607338,0.0067350901732805574,0.00012970433061092133
-1.0369116150788882,0.7528622814199851,0.0077099140575907785,0.00030850364512885866
-1.03539977445574,0.7526335322950556,0.008676042571565679,0.00016516133643130525
-1.0339248819967555,0.7524319603430798,0.009633951986793189,0.00042541421462647153
-1.032484871141442,0.7522558032211928,0.01058417214453847,8.184999464532682e-05
-1.0310776753293056,0.7521032985865285,0.01152727986531408,9.315321039259573e-06
-1.0297012279998534,0.7519726840962218,0.012463891053130612,0.00035543106897076087
-1.0283534625925925,0.7518621974074073,0.013394651890295642,0.000181005002921333
-1.0270323125470293,0.7517700761772197,0.014320229643109276,0.0015395308873041727
-1.0257357113026706,0.7516945580627931,0.015241303695729371,0.002830432986211307
-1.0244615922990232,0.7516338807212621,0.016158557480297934,0.0027623492229921784
-1.0232078889755942,0.7515862818097618,0.017072671958217867,0.0023218920688809264
-1.0219725347718898,0.7515499989854262,0.017984321216283437,0.001897475794912512
-1.020753463127417,0.7515232699053899,0.01889417056562071,0.0014868496137190473
-1.0195486074816835,0.7515043322267879,0.019802877275594363,0.0010877721607068685
-1.018355901274195,0.7514914236067545,0.02071109375714107,0.000698010386863475
-1.0171732779444582,0.7514827817024236,0.02161947266301532,0.00031533818366227904
-1.0159986709319808,0.7514766441709309,0.022528673040763603,6.246523340110678e-05
-1.0148300136762691,0.7514712486694104,0.023439366408945363,0.0004376171506816794
-1.0136652396168293,0.7514648328549962,0.02435224147730025,0.0008123333544121773
-1.012502282193169,0.7514556343848235,0.024807283067681235,0.0011888302577211629
-1.0113390748447952,0.7514418909160269,0.0239020100298579,0.0015693271064251264
-1.010173551011214,0.7514218401057405,0.02300570800253527,0.001956048205171562
-1.0090036441319323,0.751393719611099,0.022117745246760214,0.0023512250969250663
-1.0078272876464573,0.7513557670892375,0.02123746856075286,0.0027570986211366724
-1.0066424149942956,0.7513062201972898,0.020364196505055252,0.002926728942421422
-1.0054469596149536,0.7512433165923906,0.019497215223855988,0.002499775751315692
-1.0042388549479386,0.7511652939316746,0.01863577759391944,0.002055082031180529
-1.0030160344327572,0.7510703898722765,0.01777910605878761,0.0015904793979874448
-1.0017764315089162,0.7509568420713306,0.01692639911711736,0.0011037840574355804
-1.0005179796159225,0.7508228881859715,0.016076841077800733,0.0005927939912221215
-0.9992386121932826,0.7506667658733339,0.01522961440826631,5.5286951220424075e-05
-0.9979362626805035,0.7504867127905522,0.014383913809495621,0.0005109806797386045
-0.9966088645170921,0.750280966594761,0.013538961060617267,0.0011082741643351265
-0.9952543511425549,0.7500477649430949,0.012694019683132171,0.0017388798864118892
-0.993870655996399,0.7497853454926883,0.011848408565334164,0.0024051041356297586
-0.992455712518131,0.7494919459006759,0.011001513840219216,0.0029089191292632076
-0.9910074541472577,0.7491658038241924,0.01015279850097047,0.0021735788307654063
-0.9895238143232858,0.748805156920372,0.009301809443193976,0.0013963630442197436
-0.9880027264857224,0.7484082428463494,0.008448181821484754,0.0005749456699995039
-0.986442124074074,0.7479732992592592,0.007591640783367204,0.00029301655054507914
-0.9848399405278475,0.747498563816236,0.006732000785312808,0.0012098806117580194
-0.9831941092865497,0.7469822741744143,0.005869162798138989,0.002178014040478524
-0.9815025637896875,0.7464226679909286,0.00500310977217155,0.0027298265984019403
-0.9797632374767673,0.7458179829229135,0.004133900759481828,0.001665796120122825
-0.9779740637872963,0.7451664566275034,0.0032616640871606854,0.0005442623497517525
-0.9761329761607813,0.7444663267618332,0.0023865899491049805,0.0006371539057910023
-0.9742379080367287,0.7437158309830372,0.0015089227415201348,0.001880833201215082
-0.9722867928546457,0.74291320694825,0.0006289534160544995,0.0026506943203653873
-0.9702775640540389,0.7420566923146061,0.000252987930120416,0.0012925437914202032
-0.9682081550744153,0.7411445247392402,0.001136539061490477,0.00013407634404022912
-0.9660764993552813,0.7401749418792867,0.0020213120921916067,0.0016315358602268452
-0.9638805303361437,0.7391461813918803,0.0029068993816340313,0.002547521613972515
-0.9616181814565097,0.7380564809341554,0.0037928788008703114,0.0009211579408043992
-0.9592873861558859,0.7369040781632467,0.004678818361951706,0.0007821788920851814
-0.9568860778737791,0.7356872107362885,0.00556428022485677,0.002564835994056711
-0.9544121900496959,0.7344041163104157,0.006448824112833247,0.0012447030731227652
-0.9518636561231435,0.7330530325427627,0.007332010177999017,0.0006808993633382846
-0.9492384095336284,0.7316321970904639,0.008213401365747679,0.0026918482625982684
-0.9465343837206572,0.730139847610654,0.00909256532973302,0.0007979034841193662
-0.9437495121237371,0.7285742217604676,0.009969075949864773,0.0013659408222161116
-0.9408817281823747,0.7269335571970392,0.01084251450442448,0.0018665543523889501
-0.9379289653360768,0.7252160915775034,0.011712470544778392,0.0004562436432312503
-0.93488915702435,0.7234200625589947,0.012578542517683429,0.0025204879200322644
-0.9317602366867016,0.7215437077986476,0.013440338176176929,3.289237461610962e-05
-0.9285401377626381,0.7195852649535969,0.01429747481588595,0.002552981479684924
-0.925226793691666,0.7175429716809767,0.01514957936937764,9.757791720113165e-05
-0.9218181379132926,0.7154150656379219,0.015996288387169724,0.0025682299615875917
-0.9183121038670243,0.713199784481567,0.016837247930219696,0.000265606887590728
-0.9147066249923682,0.7108953658690466,0.017672113395218896,0.0019552241692343568
-0.9109996347288309,0.7085000474574951,0.018500549290879787,0.0010595994872570028
-0.9071890665159191,0.706012066904047,0.019322228980568797,0.0009139028474692637
-0.9032728537931399,0.7034296618658373,0.0201368344041692,0.00228683687101302
-0.89924893,0.70075107,0.020925536472595218,0.0005579257606141074
-0.89924893,0.70075107,0.020925536472595218,0.0005579257606141074
-0.8951155744102901,0.6979188671702539,0.02184984493034899,0.0009535608302961558
-0.8908742829560269,0.6948798167100553,0.02262600850397675,0.002200773036801405
-0.8865278149731475,0.6916384365720568,0.023271465890328562,0.0016059273384229076
-0.8820789297975881,0.6881992447089094,0.02378653655790481,0.0007827071718752452
-0.8775303867652857,0.684566759073265,0.024172092949931577,0.00019430029213723702
-0.872884945212177,0.6807454976177756,0.024429483525530735,0.000170567349920595
-0.8681453644741981,0.6767399782950926,0.02456046685343452,0.00032307569208873645
-0.8633144038872863,0.6725547190578679,0.024567155011184505,0.0002743235642606848
-0.8583948227873777,0.6681942378587528,0.024451964763022534,3.534029428441745e-05
-0.8533893805104097,0.6636630526503996,0.024217575221145576,0.0003829031832061548
-0.8483008363923181,0.6589656813854594,0.023866890910849963,0.0009694831965495843
-0.8431319497690402,0.6541066420165846,0.02340300934972475,0.001713511886505681
-0.8378854799765125,0.6490904524964266,0.022829192412191494,0.0017168524255542297
-0.8325641863506712,0.6439216307776366,0.022148840884847115,0.0006685743707579607
-0.8271708282274537,0.6386046948128671,0.02136547172834533,0.0004998435676415269
-0.8217081649427957,0.633144162554769,0.020482697651510787,0.0017774950412445803
-0.816178955832635,0.6275445519559951,0.01950420867638141,0.001060789742635903
-0.8105859602329074,0.6218103809691959,0.018433755431942665,0.00040108179090961397
-0.8049319374795499,0.6159461675470242,0.017275133962066876,0.001934100435338031
-0.7992196469084994,0.609956429642131,0.01603217187167006,0.0006757467889580964
-0.7934518478556918,0.6038456852071681,0.014708715666246529,0.000944390133073998
-0.7876312996570645,0.5976184521947875,0.013308619165014019,0.001637627900113431
-0.7817607616485536,0.5912792485576405,0.011835732888216141,4.151610089200108e-06
-0.7758429931660962,0.5848325922483791,0.010293894335497348,0.0016302534871842815
-0.7698807535456285,0.5782830012196548,0.008686919085518111,0.0011140414224658443
-0.763876802123088,0.5716349934241198,0.007018592657673717,0.00017470066381599094
-0.7578338982344103,0.5648930868144254,0.0052926630854425675,0.0007179886590146905
-0.7517548012155324,0.5580617993432231,0.003512834157859583,4.218848866571163e-06
-0.7456422704023915,0.551145648963165,0.001682759291275588,9.676416273435529e-08
-0.7394990651309237,0.5441491536269029,0.00019396400191435786,0.0011632647161276951
-0.7333279447370656,0.5370768312870878,0.00019819313742180524,0.0008504046498425569
-0.7271316685567539,0.5299331998963721,0.00407327458133021,0.0008962817533961715
-0.7209129959259258,0.5227227774074074,0.006068988359223659,4.577737981999714e-05
-0.7146746861805177,0.5154500817728453,0.004391802498379814,0.0009206527197643074
-0.7084194986564657,0.5081196309453375,0.0029422948379667023,0.0002685019306505097
-0.7021501926897069,0.5007359428775356,0.0011988588060420208,0.0005281754866144797
-0.6958695276161783,0.4933035355220917,0.006622513610904087,0.0007760353172880494
-0.6895802627718156,0.48582692683165707,0.009855545415301089,0.000122271408679129
-0.6832851574925561,0.4783106347588834,0.0018037320482239905,0.0004174673142031471
-0.6769869711143369,0.47075917725642297,0.003449050512698147,0.0008548504478416378
-0.6706884629730939,0.4631770722769271,0.009148849683163186,0.0012008782998220592
-0.6643923924047638,0.4555688377730472,0.005658622976012362,0.00042764574749507353
-0.6581015187452837,0.44793899169743556,0.0023012184581577165,0.001577666290178826
-0.6518186013305899,0.4402920520027436,0.0004252291176806827,0.0017898901060596406
-0.6455463994966191,0.43263253664162277,0.0024779624628454423,0.001163873010964475
-0.6392876725793079,0.4249649635667252,0.004133441866302855,0.0016110737107711169
-0.6330451799145933,0.4172938507307026,0.008259880402370518,0.0014890319305210895
-0.6268216808384117,0.40962371608620635,0.011133191018806908,0.00048540798620161856
-0.6206199346866995,0.40195907758588834,0.01283035491044413,0.001229207610355846
-0.6144427007953941,0.3943044531824005,0.006499247124072089,4.917965054984189e-05
-0.6082927385004313,0.3866643608283941,0.0028984547998191306,0.0009174682627461759
-0.6021728071377483,0.3790433184765211,0.0023283566673075406,0.00035169934613905657
-0.5960856660432815,0.3714458440794332,0.0011064286073956217,0.0005279987958197655
-0.5900340745529676,0.3638764555897821,0.004504266000902647,0.0002991017030020413
-0.5840207920027435,0.35633967096021946,0.007862922667632893,4.593907629619722e-05
-0.5780485777285455,0.348840008143397,0.0033552586656672876,0.00023197713455429196
-0.5721201910663105,0.34138198509196654,0.007356719305103785,8.395918322274336e-05
-0.566238391351975,0.33397011975857954,0.003510717326257152,0.0002630863671154379
-0.5604059379214757,0.32660893009588793,0.00027575253973357786,0.0012129288578354215
-0.5546255901107494,0.3193029340565434,0.004000802815999137,0.0014358016310801979
-0.5489001072557325,0.3120566495931975,0.001336786678713842,0.0009344959399140175
-0.5432322486923618,0.3048745946585022,0.007763619118446779,0.0004152516231081907
-0.5376247737565739,0.29776128720510886,0.0036715346069105914,0.0001202390670187288
-0.5320804417843057,0.29072124518566955,0.00033889013892196546,0.0006701664446311904
-0.5266020121114934,0.2837589865528358,0.004266156429315559,0.0011598277845279391
-0.521192244074074,0.27687902925925917,0.008108835934158655,0.0004980603066717039
-0.5158538970079841,0.27008589125759175,0.004620247666893757,0.00016962709266939998
-0.5105897302491602,0.26338409050048484,0.00045242770752486415,0.000841159176638793
-0.5054025031335392,0.2567781449405904,0.0036127973609787916,0.0030753408900602497
-0.5002949749970576,0.2502725725305601,0.005456695844398735,0.0004868820083788055
-0.495269905175652,0.24387189122304564,0.0032599511656275022,0.0020488509363276097
-0.49033005300525917,0.23758061897069868,0.0009358377316632083,0.004530629824705535
-0.4854781778218157,0.23140327372617095,0.005010384204622695,0.003964018510807765
-0.48071703896125834,0.22534437344211422,0.004536577222273267,0.001720640435229504
-0.47604939575952354,0.2194084360711801,0.00030266953470356624,0.00046669258609173124
-0.47147800755254826,0.21359997956602034,0.0037929746395226308,0.0025967975563517035
-0.46700563367626885,0.2079235218792867,0.0011944825711999462,0.004668476331439011
-0.46263503346662205,0.20238358096363074,0.0004894818177419647,0.003775663904237058
-0.45836896625954476,0.19698467477170437,0.0035360834135759744,0.0019295490982138466
-0.4542101913909733,0.19173132125615916,0.004047621198513457,0.00014366042072615413
-0.45016146819684444,0.18662803836964686,1.0794815089528948e-05,0.0015808138070794926
-0.4462255560130949,0.18167934406481914,0.0038549525088385347,0.003242667101105735
-0.44240521417566125,0.1768897562943278,0.003052388483816956,0.004840676082353245
-0.4387032020204803,0.1722637930108245,0.0007526961057081157,0.0036727915550590785
-0.4351222788834884,0.16780597216696086,0.004370496597946306,0.0022896084775772883
-0.4316652041006226,0.16352081171538874,0.0020575875494321114,0.0009720176611218938
-0.4283347370078192,0.15941282960875974,0.0014294320324952996,0.00027874598488922015
-0.4251336369410151,0.15548654379972562,0.004712629707423712,0.0014614414556437332
-0.4220646632361468,0.15174647224093807,0.0014239285425220178,0.0025748307383791284
-0.41913057522915104,0.14819713288504882,0.001660533762649438,0.0036176920162786235
-0.41633413225596444,0.14484304368470954,0.004329902127718321,0.004588838941135364
-0.4136780936525236,0.14168872259257195,0.0014937727008431385,0.004229552712263992
-0.41116521875476525,0.13873868756128777,0.0011064248974023167,0.0034697924936995792
-0.40879826689862603,0.1359974565435087,0.003467341309196264,0.0027848012239305685
-0.4065799974200427,0.1334695474918865,0.0025761174083153743,0.002176098512348746
-0.4045131696549517,0.13115947835907282,0.0005338800433255427,0.0016452516212229233
-0.4026005429392898,0.12907176709771934,0.0012515915757094136,0.0011938908671138017
-0.40084487660899376,0.12721093166047784,0.002774937352856176,0.0008237419409187567
-0.39924893,0.12558149,0.0034833247304775594,0.0005346476964070182
-0.39924893,0.12558149,0.0034833247304775594,0.0005346476964070182
-0.3977579520581492,0.12408886188798504,0.0022240959557628995,0.0002875715120561332
-0.3963141560519695,0.12263434185931345,0.0007395087652410406,3.96834835175693e-05
-0.3949157487105212,0.12121626001140887,0.00016276214082027216,0.00020718238453397645
-0.39356093676286374,0.11983294644169476,0.0013218694870500876,0.0004532242505810452
-0.39224792693805727,0.1184827312475948,0.002460410364543854,0.0006986401478893501
-0.39097492596516126,0.11716394452653255,0.00358009181805361,0.0009436285489510431
-0.3897401405732357,0.11587491637593154,0.0025276045847920764,0.001188388947922392
-0.38854177749134033,0.11461397689321541,0.001309930361915693,0.0014331224484023675
-0.3873780434485349,0.11337945617580765,0.0003010865139834678,0.0016780323405908401
-0.38624714517387937,0.11216968432113193,0.000790462842045571,0.0019233246487422855
-0.3851472893964334,0.11098299142661176,0.0018697809882013026,0.0021692086272023505
-0.384076682845257,0.10981770758967081,0.0029384967837450967,0.002415897181539837
-0.3830335322494098,0.10867216290773259,0.0030739143400565164,0.0026636071907214054
-0.38201604433795144,0.10754468747822063,0.0019977312469239778,0.002912559707288403
-0.38102242583994217,0.10643361139855859,0.0009283579855916033,0.003162980015350061
-0.3800508834844413,0.10533726476616999,0.0001357879515837397,0.0034150975310553483
-0.37909962400050917,0.10425397767847848,0.0011962213259957782,0.0036691455370190147
-0.3781668541172051,0.10318208023290755,0.002254382493179865,0.003925360750657625
-0.3772507805635892,0.10211990252688088,0.0033116315711151827,0.004183982736050024
-0.37634961006872114,0.10106577465782197,0.0025981361931807483,0.004445253178977401
-0.3754615493616607,0.10001802672315441,0.0015180557152673943,0.0047094150543140695
-0.3745848051714678,0.0989749888203018,0.0004346124463063321,0.004573559410874098
-0.3737175842272021,0.09793499104668765,0.0006534146932675716,0.004311091684724827
-0.3728580932579236,0.09689636349973564,0.0017471527227983805,0.004045604407750595
-0.37200453899269187,0.09585743627686928,0.0028476373147960166,0.0037768998666349433
-0.371155128160567,0.09481653947551218,0.002931360294252034,0.003504775967756703
-0.37030806749060863,0.09377200319308791,0.0017879432062565049,0.0032290272306884794
-0.36946156371187644,0.09272215752702001,0.0006332976969975118,0.0029494458284819733
-0.3686138235534304,0.09166533257473213,0.0005334359192623664,0.002665822625994037
-0.3677630537443305,0.09059985843364779,0.00171304903245484,0.0023779481727347236
-0.36690746101363597,0.08952406520119055,0.0029062782750933843,0.0020856136148902477
-0.3660452520904071,0.08843628297478404,0.002646366462899397,0.001788611501162411
-0.3651746337037036,0.08733484185185185,0.0013856377522420008,0.0014867364676560363
-0.3642938125825855,0.08621807192981751,0.00010699665901573925,0.0011797857970748543
-0.36340099545611204,0.0850843033061046,0.001190190305099779,0.0008675598560655587
-0.3624943890533433,0.08393186607813673,0.0025065526458384873,0.0005498624210546001
-0.36157220010333935,0.08275909034333748,0.0027657804154017965,0.0002265009071394416
-0.36063263533515955,0.08156430619913037,0.0013603979380623157,0.00010271348342708792
-0.35967390147786393,0.080345843742939,6.819809854800374e-05,0.00036834005997
-0.35869420526051243,0.07910203307218701,0.0015206395263763928,0.0004165267802288266
-0.35769175341216475,0.07783120428429795,0.0029975953427871156,0.0003350287223798844
-0.35666475266188047,0.07653168747669531,0.0019043301237304771,0.0006946547704732468
-0.3556114097387197,0.07520181274680279,0.00031822954720900647,0.0002186002757190676
-0.35452993137174216,0.07383991019204392,0.00011281732573225245,0.0007170984505152454
-0.35341852429000753,0.07244430990984221,0.0024351666612626474,0.00038992636282666457
-0.3522753952225756,0.07101334199762133,0.0016047421656941417,0.00019093697878160798
-0.3510987508985065,0.06954533655280484,0.00016350008461517692,0.0013548531669910103
-0.3498867980468598,0.06803862367281632,0.001964729030818201,0.0016757388373837682
-0.3486377433966951,0.0664915334550793,0.0022748053219405766,0.0004474508840010925
-0.34734979367707275,0.0649023959970174,0.00033753114673757296,0.0007826771805453775
-0.34602115561705205,0.0632695413960542,0.0016365175287960958,0.00207653366223197
-0.34465003594569305,0.061591299749613256,0.0022689633942253357,0.0015369794421597022
-0.34323464139205545,0.05986600115511816,0.0001480722382759185,0.00016751087027379845
-0.341773178685199,0.05809197570999247,0.0005357764492547219,0.0012392323805940281
-0.3402638545541838,0.05626755351165981,0.00153167053511646,0.00028604355539940093
-0.3387048757280694,0.054391064657543696,0.0007868555612640098,0.0012022546220782134
-0.33709444893591567,0.05246083924506777,0.0024933949963242665,9.155859001563323e-05
-0.3354307809067823,0.05047520737165554,1.0723920502351186e-05,0.001252970821515737
-0.3337120783697293,0.04843249913473063,0.0025189037320212412,0.0007972494740078369
-0.3319365480538164,0.04633104463171661,0.00036015100365886316,0.0003333429397023232
-0.3301023966881033,0.04416917396003704,0.0006927857547142564,0.00013884252952813073
-0.32820783100164996,0.04194521721711555,0.00024345712296606125,0.0005198083527546085
-0.32625105772351615,0.03965750450037564,0.002639345632680302,0.0011084137219873693
-0.3242302835827616,0.03730436590724096,0.00035606785584683205,0.0006431064464733575
-0.3221437153084461,0.034884131535135046,0.0017489548954271311,0.001286186865707535
-0.3199895596296296,0.03239513148148146,0.0014538445174407633,0.002627086066979267
-0.31776602327537185,0.02983569584370385,0.0003328156969840932,0.0016960054180856505
-0.31547131297473247,0.027204154719225708,0.0019318942611638624,0.0004104573226331018
-0.31310363545677156,0.024498838205470677,0.0016036602389533534,0.0008570286437086297
-0.3106611974505487,0.021718076399862285,0.00033558536794770795,0.002533706583225255
-0.30814220568512385,0.018860199399824154,0.0007373831703590755,0.00023410595695721247
-0.3055448668895567,0.015923537302779858,0.0016126498752352442,0.0021308462792445477
-0.3028673877929071,0.012906420206152923,0.0022879136370119826,0.0027218584575277693
-0.3001079751242349,0.009807178207366998,0.0011926679496353234,0.0005426158385967358
-0.2972648356125998,0.006624141403845582,0.0015499843130942642,0.0016311758973411236
-0.29433617598706174,0.003355639893012352,0.0014258814485739173,0.0008783057000572698
-0.2913202029766804,3.772290806114409e-09,0.0015074060852905702,0.00041315276292288786
-0.2882151233105156,-0.003444436860895482,0.001795593999442988,6.665522223503341e-05
-0.2850191437176272,-0.006979351909122869,0.00103984874147888,0.0006493070393629893
-0.28173047092707504,-0.01060641127496785,0.0012809594202587927,0.0012404172896758054
-0.2783473116679188,-0.014327284861006782,0.0003071203566185035,0.0018400554319765042
-0.2748678726692184,-0.018143642569816147,0.0008749432402013752,0.002448296514819901
-0.27129036066003365,-0.022057154303972315,0.001840320048908963,0.0007604775380483761
-0.26761298236942427,-0.026069489966051698,0.00018104546425034933,0.0036909205173987045
-0.26383394452645004,-0.030182319458630827,0.0016841866898952432,0.00432548897645801
-0.25995145386017093,-0.03439731268428599,0.0001813781258225327,0.004147004338227556
-0.25596371709964655,-0.03871613954559372,0.0017387736720153103,0.0035559621701186346
-0.25186894097393686,-0.04314046994513035,0.0008551491023417024,0.0029575760826778615
-0.24766533221210157,-0.04767197378547237,0.00014459403442261702,0.0005989623465561476
-0.24335109754320056,-0.05231232096919613,0.0008558611250815297,0.0007333000266453799
-0.2389244436962936,-0.0570631813988781,0.0012900792070489958,0.0011176305098292093
-0.2343835774004404,-0.06192622497709474,0.0010762434492704509,0.0004890911151185283
-0.22972670538470097,-0.06690312160642238,0.0008129161679432543,0.00014723877868979185
-0.2249520343781349,-0.07199554118943753,0.0010884322665909044,0.0007914872534941017
-0.22005777110980218,-0.07720515362871654,0.0005912396036265969,0.0014437982334278591
-0.21504212230876252,-0.08253362882683588,7.253895767199931e-05,0.0021043328705785637
-0.20990329470407568,-0.08798263668637198,0.00038906627686164817,0.0011294644752870991
-0.20463949502480158,-0.0935538471099012,0.0001454896272614319,0.0034508126666474297
-0.19924893,-0.09924893,0.0005272029653227397,0.0041371915780384245
-0.19924893,-0.09924893,0.0005272029653227397,0.0041371915780384245
-0.1936029180943915,-0.10494853380078718,1.5849984250857547e-05,0.004661197834042114
-0.18757945552648203,-0.11053293517213765,0.0005826074982369228,0.004622695246283462
-0.18118676656510002,-0.11600324634026214,0.0004903329288151608,0.0005776825874752188
-0.17443307547907394,-0.12136057953137125,0.00013951919729633653,0.003773665247148167
-0.1673266065372323,-0.12660604697167574,0.00013971806499198317,0.0015759116322600919
-0.15987558400840363,-0.1317407608873863,2.093281975798004e-05,0.0023585586506473548
-0.1520882321614162,-0.1367658335047135,0.000703989836534298,0.000957837329605914
-0.14397277526509872,-0.14168237704986814,0.0005343644806896621,0.0007992041273282024
-0.13553743758827946,-0.14649150374906084,0.0008909193735631643,0.002879913103257828
-0.12679044339978707,-0.1511943258285024,0.0007995038721101247,0.005281189374482306
-0.11774001696844989,-0.15579195551440328,0.00030305004579072616,0.0037545181394395923
-0.10839438256309654,-0.16028550503297437,0.0012982875679345986,0.0009078019240746832
-0.09876176445255536,-0.16467608661042626,0.000974026172538541,0.0022426493168709945
-0.0888503869056548,-0.16896481247296968,0.0013932587524323641,0.0054230539667540975
-0.07866847419122354,-0.17315279484681528,0.0004850486850347523,0.002865626013921461
-0.0682242505780898,-0.1772411459581737,0.00021376602394042622,0.00021974738532444578
-0.057525940335082244,-0.18123097803325575,0.0006863751580781844,0.0017968951334961288
-0.04658176773102928,-0.18512340329827193,0.004604203718515366,0.0008616107930519125
-0.035399957034759365,-0.18891953397943317,0.001760723276445455,0.0011307618484469152
-0.023988732515101013,-0.19262048230294998,0.002823734986102308,0.0021289855360082386
-0.012356318440882636,-0.19622736049503295,0.005862233104306214,0.00471565943493255
-0.0005109390809327711,-0.19974128078189304,0.00010829603951520963,0.005139816271464702
0.011539181295920162,-0.20316335538974067,7.587673630780504e-05,2.9602439081811636e-05
0.0237858184208476,-0.2064946965447867,7.007475396618581e-05,0.005278212121168735
0.036220748025021184,-0.2097364164732417,0.0002505418204079942,0.008588321041344833
0.04883574583961239,-0.21288962740131656,4.0779726298606744e-05,0.00311879657772227
0.06162258759579268,-0.2159554415552217,0.00023075532110141783,0.002519205446587467
0.07457304902473369,-0.2189349711611679,8.074944036114544e-05,0.008315628920805042
0.08767890585760679,-0.2218293284453658,0.00024570203074253676,0.007699941675436473
0.10093193382558366,-0.22463962563402629,0.0004471893066941061,0.001823695141586468
0.1143239086598358,-0.22736697495335975,0.00036317705504432875,0.004186369719532513
0.1278466060915347,-0.23001248862957707,1.2636106219682395e-05,0.008552623834055448
0.1414918018518519,-0.2325772788888889,0.00044965568544936527,0.007952049525533763
0.1552512716719589,-0.23506245795750597,0.0028501234062806463,0.0022205020156564077
0.16911679128302728,-0.23746913806163875,0.004095237887367409,0.004026036725797496
0.18308013641622842,-0.2397984314274981,0.002365999522516646,0.0067272439569840735
0.19713308280273406,-0.24205145028129477,0.0013044477525859443,0.006504995654994237
0.2112674061737156,-0.24422930684923927,0.0005308351462823502,0.005312248818962395
0.22547488226034454,-0.24633311335754232,0.0016522003798474074,0.0010525971202475501
0.2397472867937925,-0.24836398203241475,0.0033269940549693726,0.006372039789793376
0.2540763955052309,-0.25032302510006715,0.0008449592559441672,0.004741871330524929
0.2684539841258314,-0.25221135478671003,0.002607250893584957,0.0016874983961965402
0.28287182838676533,-0.2540300833185544,0.0002692152808546158,0.001993390588589306
0.2973217040192045,-0.25578032292181074,0.0024218488270616855,0.0019562646218300892
0.31179538675432017,-0.25746318582268973,0.0044410712038859415,0.0015479106608405494
0.32628465232328396,-0.2590797842474021,0.00430930171821765,0.0007384746337747118
0.3407812764572674,-0.2606312304221585,0.0055443974426108555,0.0005036902584864706
0.35527703488744194,-0.26211863657316975,0.0006466185195510023,0.0022121748721274192
0.3697637033449792,-0.2635431149266463,0.0032141952905614364,0.004251057364295913
0.3842330575610508,-0.26490577770879903,0.005514924070200098,0.0020106767201960554
0.3986768732668282,-0.26620773714583856,0.0027207666333031403,0.0007772506627753654
0.41308692619348275,-0.2674501054639756,0.010294682569165449,0.00415340297838725
0.42745499207218596,-0.26863399488942064,0.002465415483198234,0.0022330203542806934
0.44177284663410976,-0.26976051764838466,0.005596948746306463,0.0018312917776433406
0.4560322656104252,-0.2708307859670782,0.007574662154634926,0.0036141930453602606
0.4702250247323044,-0.27184591207171194,6.975095807452798e-05,0.00029056246985649135
0.48434289973091804,-0.27280700818849657,0.007921290026269635,0.0007240404961130011
0.4983776663374383,-0.27371518654364274,0.005390194563161171,0.00038016801561536123
0.5123211002830366,-0.2745715593633612,0.0020328570308552974,0.002339024470124847
0.5261649772988841,-0.27537723887386256,0.009636281290853617,8.719358204409542e-05
0.539901073116153,-0.27613333730135764,0.0037961868220108565,0.0009928112077689643
0.5535211634660141,-0.27684096687205695,0.001790919748045236,0.0012683679939173124
0.5670170240796395,-0.2775012398121713,0.005485489804386449,0.004532135527935322
0.5803804306882003,-0.27811526834791134,0.002551548425011512,0.0037904957060141595
0.5936031590228683,-0.2786841647054877,0.00032629977596431554,0.0021475341451277032
0.6066769848148149,-0.2792090411111111,0.0014847775766760449,0.0075880211439983535
0.6195936837952116,-0.27969100979099226,0.0025835188077859097,0.0017967206822187083
0.6323450316952302,-0.2801311829713418,0.003959983617773282,0.003976118136327622
0.6449228042460418,-0.28053067287837047,0.009163065223431173,0.0038809368883066272
0.6573187771788183,-0.2808905917382889,0.003057576413187265,0.0015556981905532582
0.6695247262247308,-0.2812120517773078,0.003123782555082483,0.0006122565854690931
0.6815324271149512,-0.28149616522163784,0.009374459370668003,0.0017332116654562178
0.6933336555806511,-0.2817440442974897,0.0043062074591108555,0.0016392862201456773
0.7049201873530015,-0.28195680123107414,0.0014810786388777318,0.0006899757066740866
0.7162837981631746,-0.28213554824860176,0.007310259229244963,0.0019539589736858255
0.7274162637423414,-0.28228139757628323,0.00032501381853326447,0.005376562852621443
0.7383093598216736,-0.28239546144032923,0.0009999424491119624,0.002179093393756722
0.7489548621323427,-0.2824788520669505,0.00437883718120112,0.0004146980311388471
0.7593445464055204,-0.2825326816823577,0.009257518828396483,0.0001232101717043891
0.7694701883723782,-0.28255806251276155,0.00434471022595224,0.002308829906300714
0.7793235637640872,-0.28255610678437265,0.0005577545326574635,0.003065356494329325
0.7888964483118195,-0.28252792672340177,0.0054412868770531845,0.0002537900157714183
0.7981806177467461,-0.28247463455605953,0.005622932407465387,0.0005823203004420002
0.807167847800039,-0.28239734250855664,0.0041689362971578875,0.0034953573232830216
0.8158499142028695,-0.2822971628071038,0.00019122927323583116,0.0011092991651666414
0.8242185926864091,-0.28217520767791165,0.004499322405386925,0.0007151903955889688
0.8322656589818294,-0.2820325893471909,0.008746455793557801,0.0014233439258626746
0.8399828888203018,-0.28187042004115226,0.005993644149220153,0.001710612442939902
0.8473620579329981,-0.2816898119860064,0.0022495158613673096,0.004166714774788951
0.8543949420510895,-0.28149187740796394,0.0014115446747878593,0.001988069343478987
0.8610733169057477,-0.2812777285332356,0.0046830495906057465,0.00011787980495706048
0.8673889582281442,-0.28104847758803214,0.001248295331529219,0.000206324759696938
0.8733336417494504,-0.2808052367985641,0.002102425805510394,0.0031287277488246373
0.8788991432008381,-0.28054911839104235,0.0009671711092695103,0.0021806653537468947
0.8840772383134786,-0.2802812345916774,6.274982180136869e-05,0.000382942560692879
0.8888597028185435,-0.28000269762668,0.000985965410806058,5.6189076445988015e-05
0.8932383124472044,-0.2797146197222608,0.0018012276665692584,0.0004812954789113276
0.8972048429306327,-0.2794181131046306,0.002507475914760421,0.0010123485277567174
0.90075107,-0.27911429,0.001247544025447613,0.0008440578099145592
0.90075107,-0.27911429,0.001247544025447613,0.0008440578099145592
0.9042090147037668,-0.27880641284361835,0.003662117534021932,0.0005264460848968427
0.9079126362435392,-0.2784971333550071,0.004282279808608617,7.962874357537338e-05
0.911856616671119,-0.27818664859587616,0.0031181260324075265,0.00041655400657708883
0.9160356380383056,-0.2778751556279353,0.0006879852108840281,0.0009057461864985611
0.9204443823969003,-0.27756285151289445,0.0018511511784593706,0.0007934087930575802
0.9250775317987034,-0.2772499333124635,0.004500019910597882,0.00018036080984718913
0.929929768295515,-0.27693659808835214,0.007259110780556224,0.0008611064535202638
0.9349957739391365,-0.27662304290227036,0.0034839113902775144,6.400110118403924e-05
0.9402702307813672,-0.27630946481592783,0.004986760574226254,0.0008079556582836906
0.945747820874009,-0.2759960608910347,0.0020802521750639957,0.0008157342704027262
0.9514232262688613,-0.2756830281893004,0.0009264306596956991,2.551886207370444e-05
0.9572911290177255,-0.27537056377243513,0.0007572820969033124,0.0008960631467762424
0.9633462111724015,-0.2750588647021486,0.007240958388959744,0.003237923706522104
0.96958315478469,-0.2747481280401505,0.006902135483499133,0.0021481815785901193
0.9759966419063919,-0.27443855084815094,0.003708540982416243,0.0010255496110284246
0.9825813545893068,-0.27413033018785954,0.0004235016172724546,0.004288037900850092
0.9893319748852364,-0.27382366312098644,0.0029529122113699353,0.0029970470636267003
0.9962431848459801,-0.27351874670924115,0.006420568602722355,0.0004366632238515638
1.0033096665233396,-0.2732157780143337,0.001138691542975648,0.0011017848522019594
1.0105261019691147,-0.27291495409797395,0.003632326166689225,0.0046384755682043225
1.017887173235106,-0.2726164720218716,0.00013569528931879987,0.008253804185280822
1.025387562373114,-0.2723205288477367,0.003443362630621132,0.01194593879191815
1.033021951434939,-0.2720273216372788,0.005534473555421046,0.010573431670370594
1.0407850224723822,-0.27173704745220806,0.00591044382608739,0.006856469536549102
1.0486714575372433,-0.271449903354234,0.0023367927650037538,0.0030699788699717315
1.056675938681324,-0.2711660864050669,0.0012706536903698859,0.0007841693012156607
1.0647931479564239,-0.27088579366641624,0.005030924947052905,0.0009034014481356127
1.0730177674143435,-0.27060922219999195,0.00725961203461506,0.003058598688870049
1.0813444791068834,-0.2703365690675039,0.0039152544163070175,0.007082223461088802
1.0897679650858447,-0.27006803133066204,0.00023962525007706218,0.011165474704710241
1.0982829074030271,-0.26980380605117604,0.00022025987196720153,0.007660568101232741
1.1068839881102317,-0.2695440902907557,0.002797463586840238,0.003586113842209838
1.115565889259259,-0.2692890811111111,0.005101886875077321,0.0005407235828208559
1.1243232929019098,-0.269038975573952,0.001435965870398762,0.004514117821335509
1.1331508810899837,-0.26879397074098815,0.002284409296086385,0.00028363915023781684
1.1420433358752815,-0.2685542636739293,0.006057999459387553,0.003992847340941989
1.1509953393096048,-0.26832005143448573,0.005213918147180058,0.006787413753908531
1.1600015734447526,-0.2680915310843668,0.002482318083663572,0.0025486719438089856
1.1690567203325262,-0.26786889968528255,0.0011817533089857385,0.0017285812416453694
1.1781554620247265,-0.2676523542989429,0.004888921415257577,0.0008040786639437605
1.1872924805731535,-0.26744209198705765,0.007099647657938408,0.0034983946773774204
1.196462458029607,-0.2672383098113365,0.003562607578919102,0.00783209623314567
1.2056600764458894,-0.2670412048334895,8.848604645207577e-06,0.004867295546927961
1.2148800178738,-0.2668509741152264,0.0009803816739887001,0.0005172377108895228
1.224116964365139,-0.26666781471825696,0.0025487287813055113,0.003856471777474539
1.2333655979717075,-0.26649192370429114,0.001715371062526849,0.008251242665072907
1.2426206007453062,-0.2663234981350388,0.001400763944658772,0.004477947535443869
1.2518766547377356,-0.2661627350722097,0.0020642496059866686,0.00018899575361036065
1.2611284420007955,-0.2660098315775137,0.005548788181569101,0.004112948592038714
1.2703706445862872,-0.26586498471266073,0.006478857230231859,0.00010640255602106886
1.2795979445460113,-0.26572839153936056,0.003198443360269521,0.004180839424081506
1.2888050239317677,-0.265600249119323,9.258897968870284e-05,0.008472813401838076
1.2979865647953568,-0.26548075451425796,0.00019826339996724423,0.005144012895686589
1.30713724918858,-0.26537010478587525,0.004375851786286762,0.0009079812626373959
1.3162517591632374,-0.2652684969958848,0.005520883444511742,0.003324235320227132
1.3253247767711294,-0.2651761282059963,0.0007693870593113078,0.00350765995876336
1.3343509840640566,-0.2650931954779197,0.0006426422563763381,0.0006063727647299976
1.3433250630938196,-0.26501989587336483,0.00371663469088586,0.004707999655624325
1.3522416959122188,-0.2649564264540415,0.0012979986975389759,0.008794187303725389
1.361095564571055,-0.2649029842816596,0.0033277395277318024,0.01022968882445756
1.3698813511221286,-0.2648597664179289,0.0028162954608623816,0.006283222247504354
1.3785937376172397,-0.26482696992455934,4.651760018156799e-06,0.0023610340283198726
1.3872274061081893,-0.2648047918632607,0.002634448680405716,0.0015337339165198776
1.395777038646778,-0.26479342929574284,0.0008746877426074974,0.005397909142440328
1.404237317284806,-0.26479307928371565,0.004053515883609329,0.0053420585882051775
1.412602924074074,-0.26480393888888887,0.0008148234356158073,0.0015916212837046085
1.4208685410663826,-0.26482620517297245,0.0020755726446419643,0.0015222283068908118
1.4290288503135322,-0.2648600751976762,4.228586334372131e-05,0.002089108704405658
1.4370785338673235,-0.26490574602470995,0.001491235876544847,0.005654344065128791
1.4450122737795565,-0.2649634147157835,0.00028463896187212896,0.009170197457410063
1.4528247521020325,-0.2650332783326068,1.7721348025677306e-05,0.012633376181017475
1.4605106508865515,-0.2651155339368896,2.4289718162984838e-05,0.01604057914687911
1.4680646521849143,-0.2652103785903418,0.0002207233498322173,0.017548664071574058
1.475481438048921,-0.2653180093546732,5.087169765878199e-05,0.014410978105488166
1.4827556905303727,-0.2654386232915936,1.7678446908451973e-05,0.011338328091114961
1.4898820916810696,-0.265572417462813,0.0001457781377899995,0.00833406283502363
1.4968553235528121,-0.2657195889300412,0.0007483758603610982,0.005401530378416142
1.503670068197401,-0.26588033475498796,0.0009215993901255818,0.002544072901384625
1.510321007666637,-0.2660548519993631,0.00042586258718701575,0.0002349791143536044
1.51680282401232,-0.26624333772487657,0.0002256104778288388,0.0029323136624673433
1.523110199286251,-0.2664459889932382,0.0002727100004911001,0.0035399382500784582
1.5292378155402306,-0.2666630028661578,0.0004912685730512595,0.0010667977632178526
1.5351803548260587,-0.2668945764053452,0.0004893472128848851,0.0013151192998046694
1.5409324991955367,-0.2671409066725102,0.00011999629582647892,0.001944022335263224
1.5464889307004646,-0.26740219072936283,2.9256308311825623e-05,0.0002486209868488412
1.5518443313926429,-0.2676786256376128,2.3355933164335794e-05,0.002339612330494899
1.5569933833238725,-0.2679704084589699,0.0019601767100273127,0.004325824346775891
1.5619307685459534,-0.26827773625514406,0.002817762087546588,0.006204225373386598
1.5666511691106868,-0.26860080608784515,0.0035799751099818227,0.007971908802439991
1.5711492670698723,-0.2689398150187829,0.004243932108747292,0.009626133055464623
1.5754197444753113,-0.26929496010966725,0.00480683008678378,0.01116437730166869
1.579457283378804,-0.26966643842220805,0.0003582322546006622,0.012584421096094095
1.5832565658321507,-0.27005444701811504,0.005078416797043644,0.01388446132345113
1.5868122738871524,-0.2704591829590982,0.0022127386321353797,0.015063289060413793
1.5901190895956092,-0.2708808433068673,0.0013333083713994445,0.016120565939647676
1.593171695009322,-0.2713196251231322,0.004364017673885406,0.01705727217663132
1.595964772180091,-0.27177572546960266,0.005921021473797779,0.017876464107735177
1.5984930031597167,-0.27224934140798873,0.005710535591852215,0.018584619286662125
1.60075107,-0.27274067,0.005421592803608375,0.01907806095734765
1.60075107,-0.27274067,0.005421592803608375,0.01907806095734765
1.6028327788340813,-0.2732357974316062,0.0050686286150036855,0.019524346461055973
1.6048366353772703,-0.27372039976812296,0.004750899122328863,0.019832905878275808
1.6067643710546236,-0.27419405798118934,0.004432281396977413,0.020119850513970288
1.6086177172911955,-0.2746563530424436,0.004114020116915963,0.020386316809518818
1.610398405512043,-0.2751068659235247,0.003797348682128848,0.02063342447662461
1.6121081671422215,-0.275545177596071,0.0034834886607621783,0.020862272401290415
1.613748733606785,-0.2759708690317212,0.003173649327905545,0.021073934017815463
1.615321836330791,-0.276383521202114,0.0028690273112872543,0.02126945209229256
1.6168292067392935,-0.27678271507888796,0.002570806361897108,0.021449832856076396
1.6182725762573495,-0.27716803163368203,0.0022801572726349625,0.021616039435245402
1.6196536763100136,-0.27753905183813443,0.001998237975126605,0.021768984534607114
1.6209742383223418,-0.2778953566638841,0.0017261938547178998,0.021909522357861835
1.6222359937193898,-0.27823652708256946,0.0014651583376358458,0.022038439784226194
1.6234406739262122,-0.2785621440658292,0.0012162538242749751,0.0221564468832511
1.624590010367866,-0.2788717885853021,0.0009805930713430258,0.02226416694375305
1.6256857344694056,-0.27916504161262656,0.0007592811672600492,0.022362126333572607
1.6267295776558874,-0.27944148411944153,0.0005534183058422101,0.0224507447132264
1.6277232713523662,-0.2797006970773854,0.0003641036519180179,0.022530326423873908
1.6286685469838988,-0.279942261458097,0.00019244072227447327,0.02260105429184677
1.6295671359755397,-0.2801657582332148,3.954489571544623e-05,0.022662987680635183
1.630420769752344,-0.28037076837437735,9.344605460351115e-05,0.02271606742779529
1.6312311797393693,-0.2805568728532236,0.00020535710392630984,0.022760131384338734
1.6320000973616688,-0.280723652641392,0.00029495489274844916,0.022794945677739768
1.6327292540442997,-0.2808706887105212,0.000360917647768865,0.02282025856652164
1.6334203812123167,-0.2809975620322498,0.0004017920870464362,0.022835885787472473
1.6340752102907765,-0.28110385357821666,0.00041593151979856354,0.022841838398524668
1.6346954727047338,-0.2811891443200602,0.00040140690610784033,0.022838505778455403
1.6352828998792432,-0.281253015229419,0.0003558793912747522,0.022826906661300304
1.6358392232393622,-0.28129504727793186,0.00027641877317558585,0.022809018168994177
1.6363661742101459,-0.28131482143723746,0.00015924784006533273,0.022788184290652148
1.6368654842166486,-0.28131191867897426,6.11415458821706e-07,0.022769588245266943
1.637338884683927,-0.281285919974781,0.0002098147494216051,0.02233457244097252
1.637788107037037,-0.2812364062962963,0.0004773149695799688,0.021802751279409307
1.6382148827010339,-0.2811629586151589,0.0008151243748058459,0.021270614990623927
1.638620943100972,-0.28106515790300723,0.0012391847588350145,0.020750910840556136
1.639008019661908,-0.28094258513148007,0.0017702542441773244,0.020256851573593474
1.6393778438088984,-0.28079482127221617,0.0024346557953895545,0.01980076305861772
1.639732146966997,-0.28062144729685384,0.0032646807554568376,0.019392571935297233
1.6400726605612594,-0.280422044177032,0.004298429006230544,0.019038367740083245
1.640401116016743,-0.28019619288438924,0.0055789098088198765,0.018739237110510853
1.6407192447585026,-0.2799434743905642,0.00715231433569184,0.018490481452010814
1.6410287782115922,-0.2796634696671954,0.009065477399546404,0.018281272597249102
1.6413314478010697,-0.2793557596859216,0.011362654236063986,0.018094809418480393
1.6416289849519892,-0.2790199254183814,0.014081848520627395,0.0179090653447208
1.6419231210894065,-0.2786555478362134,0.017251044023423458,0.017698184320207998
1.6422155876383773,-0.27826220791105627,0.020884799963679288,0.017434462544150205
1.6425081160239574,-0.2778394866145487,0.023693215718294403,0.017090691619759613
1.6428024376712025,-0.2773869649183293,0.02214534133790608,0.016642515300345648
1.6431002840051674,-0.2769042237940367,0.020006340560258632,0.01607042434036417
1.6434033864509086,-0.2763908442133095,0.017265121235875872,0.015361090604016834
1.643713476433481,-0.2758464071477864,0.013933414795517766,0.014507889390322947
1.6440322853779403,-0.27527049356910605,0.010043426459024538,0.013510626104146694
1.644361544709342,-0.27466268444890696,0.0056437641107754555,0.01237462201806447
1.644702985852742,-0.2740225607588279,0.0007943539349681006,0.011109394348216096
1.6450583402331962,-0.2733497034705076,0.004438890572076286,0.009727181660296834
1.6454293392757593,-0.27264369355558443,0.009988981746836451,0.008241529317771857
1.6458177144054875,-0.2719041119856972,0.01579189383405105,0.0066660839368553205
1.6462251970474358,-0.2711305397324845,0.014003197268037441,0.005013673657668312
1.6466535186266604,-0.27032255776758507,0.007335950761639858,0.0032956892711602562
1.6471044105682167,-0.2694797470626374,0.00027953229355476267,0.0015217381341570244
1.64757960429716,-0.26860168858928024,0.007243907512833393,0.0003004806823483644
1.648080831238546,-0.2676879633191522,0.009247721205574497,0.00010523267026435426
1.6486098228174304,-0.2667381522238918,0.0013577285750357247,0.002036940965410778
1.6491683104588688,-0.2657518362751379,0.0038194443504129725,0.004004892490937455
1.6497580255879165,-0.26472859644452895,0.010859753353904723,0.006007379135277586
1.6503806996296295,-0.2636680137037037,0.01793173171678617,0.008043846064684064
1.6510380640090632,-0.2625696690243008,0.023024739351592056,0.00915127877742612
1.6517318501512728,-0.26143314337795875,0.015374721643509328,0.006832256144188273
1.6524637894813146,-0.2602580177363163,0.007714050974289395,0.004482519646890574
1.6532356134242434,-0.25904387307101207,4.72475497306379e-05,0.0021010220305585393
1.6540490534051153,-0.2577902903536848,0.0016697954907982822,0.00031389597938467553
1.6549058408489854,-0.256496850555973,0.015303298161646635,0.0027643430721485808
1.6558077071809103,-0.25516313464951523,0.017562445224214525,0.005252745485128831
1.6567563838259445,-0.25378872360595034,0.00947934684060838,0.007781741917180384
1.657753602209144,-0.25237319839691685,0.001391464325599888,0.010354101179952193
1.6588010937555642,-0.2509161399940534,0.00670784376799894,0.012972658766160978
1.6599005898902606,-0.24941712936899862,0.014826212354083055,0.01564026889316325
1.6610538220382889,-0.2478757474933912,0.012384592284608158,0.018359769024339022
1.6622625216247053,-0.24629157533886975,0.003975266104052849,0.018171341519257547
1.6635284200745648,-0.24466419387707294,0.004461898107997947,0.015034577025132407
1.6648532488129226,-0.24299318407963938,0.0129362811367454,0.011854225457647997
1.6662387392648348,-0.24127812691820766,0.010168531965959711,0.00862678878035077
1.6676866228553568,-0.23951860336441655,0.0014668331224862482,0.0053488700735199474
1.6691986310095446,-0.23771419438990457,0.007285919757191839,0.0020171834380294084
1.670776495152453,-0.23586448096631038,0.012674354849513849,0.0013714408213598005
1.6724219467091381,-0.23396904406527266,0.0037322202790961204,0.0013224639773672432
1.6741367171046555,-0.23202746465843005,0.005277423641240998,0.00484624201096788
1.6759225377640603,-0.23003932371742114,0.012066330035130161,0.00843493274255576
1.6777811401124088,-0.22800420221388457,0.0028864392828614536,0.012091298864965282
1.6797142555747557,-0.22592168111945904,0.0063789640944535465,0.00887332781885502
1.6817236155761575,-0.22379134140578316,0.008751421901317832,0.004964549316244598
1.6838109515416693,-0.22161276404449556,0.0006783981001283395,0.0009860276766516058
1.6859779948963463,-0.21938553000723487,0.010212610780521972,0.0030649546624422633
1.6882264770652446,-0.21710922026563972,0.0030152006052333456,0.0071910080587797775
1.69055812947342,-0.21478341579134885,0.006687038793884897,0.011394642964002088
1.6929746835459276,-0.2124076975560008,0.004924414509469169,0.00871530525462391
1.695477870707823,-0.20998164653123416,0.004946101007291044,0.005918249832156484
1.698069422384162,-0.2075048436886877,0.0028792342636654164,0.002300008412436894
1.70075107,-0.20497687,2.277780462370308e-09,3.904730292123744e-08
1.70075107,-0.204976872,2.278480295286523e-09,3.905809623465318e-08
1.703481447590681,-0.2024144134326001,0.002930364861646098,0.0016385730136877757
1.7062176172574328,-0.19983498912560616,0.005862165370618395,0.006153854453971254
1.7089589516150487,-0.19723942953546358,0.0023050360541787204,0.009241760641611632
1.7117048232783192,-0.19462856511861734,0.007968007891367987,0.012336165444439056
1.7144546048620373,-0.1920032263315129,0.00035476640952763897,0.01349419109516506
1.7172076689809945,-0.18936424363059537,0.006540048338167151,0.008677290783093946
1.7199633882499825,-0.18671244747230986,0.003735789632835271,0.0038458493156119863
1.7227211352837943,-0.1840486683131018,0.0025818511046920766,0.000998426284283701
1.72548028269722,-0.18137373660941622,0.00778618107543335,0.005853847396178555
1.728240203105053,-0.17868848281769847,0.00200310000848027,0.006213450141549848
1.7310002691220847,-0.17599373739439367,0.0031962987507044957,0.0013135147323930533
1.7337598533631076,-0.17329033079594713,0.007166500093736248,0.00097150836336291
1.736518328442913,-0.170579093478804,0.0024231494881490783,0.003935916556404896
1.7392750669762929,-0.16786085589940952,0.0018146181563452536,0.008846579049850702
1.7420294415780395,-0.16513644851420892,0.00558434186511386,0.013758876669292593
1.744780824862944,-0.16240670177964733,0.004684168738550556,0.01867122533778732
1.7475285894458,-0.1596724461521701,0.0012676634458105513,0.02358205911136703
1.750272107941397,-0.15693451208822234,0.0017462253463611682,0.018835502543707198
1.7530107529645296,-0.1541937300442494,0.004389074033646491,0.013871157641800295
1.7557438971299881,-0.1514509304766964,0.005778171117555572,0.008912641002393256
1.7584709130525642,-0.1487069438420085,0.0033980589555255847,0.003961496502714999
1.7611911733470507,-0.14596260059663102,0.0013320908674411614,0.0009807499643086645
1.763904050628239,-0.1432187311970091,0.0004473041555262452,0.0006533841044327114
1.7666089175109219,-0.14047616609958805,0.0019666041408868996,0.003280893404489496
1.76930514660989,-0.137735735760813,0.0032513765919589314,0.008194206779344017
1.7719921105399365,-0.13499827063712927,0.0013574486214791791,0.01309271244291048
1.7746691819158529,-0.13226460118498198,0.000572482834950043,0.017974963255808957
1.7773357333524307,-0.12953555786081636,0.0012290098022669034,0.022839527684831995
1.7799911374644617,-0.12681197112107764,0.0037019009273624964,0.026553829597387873
1.7826347668667395,-0.12409467142221113,0.0005433187198004994,0.02165821037196212
1.7852659941740532,-0.12138448922066186,0.00247064589469643,0.01678465467468449
1.7878841920011974,-0.11868225497287516,0.002000539024567603,0.011934574891432166
1.7904887329629628,-0.11598879913529628,0.0015950472470597716,0.007109368779682805
1.793078989674142,-0.11330495216437042,0.0012292319230130337,0.0023104199836626762
1.7956543347495257,-0.11063154451654271,0.0006917195902725238,0.002460901448428377
1.7982141408039067,-0.10796940664825844,0.0005126066097101162,0.002036742668572988
1.8007577804520776,-0.10531936901596285,0.00010678500390193585,0.0026378748248481157
1.8032846263088287,-0.1026822620761011,0.000370065569246662,0.007335366859022451
1.8057940509889523,-0.10005891628511838,0.0009500902212301572,0.011999744049872266
1.8082854271072424,-0.09745016209946004,0.0009512651012526584,0.01662969013107447
1.8107581272784887,-0.09485682997557122,0.0007714106141617346,0.021223899581145372
1.813211524117483,-0.09227975036989707,2.1094381457122435e-05,0.018487644475074626
1.815644990239019,-0.08971975373888293,0.0005524084655295186,0.013917405265111173
1.8180578982578879,-0.08717767053897396,0.0005372935855463725,0.009387186149603592
1.8204496207888803,-0.0846543312266153,0.0005293456853238504,0.004898273209038976
1.82281953044679,-0.08215056625825229,0.0001658289171716355,0.00045194353249755056
1.8251669998464082,-0.07966720609033012,0.00048620916846737317,0.003950534245811433
1.8274914016025268,-0.07720508117929399,0.0007175813933713872,0.005475723830885948
1.829792108329937,-0.07476502198158907,0.0008069964636019287,0.001135912961872228
1.8320684926434325,-0.07234785895366067,0.0005980330770919311,0.0031559176114551004
1.8343199271578041,-0.06995442255195393,6.863097108369852e-05,0.007398520650245815
1.8365457844878434,-0.06758554323291413,0.0005274060982253076,0.003392056312883465
1.838745437248343,-0.06524205145298644,0.0007399483292765215,0.0007615752200981962
1.8409182580540944,-0.06292477766861607,0.0001200688617185073,0.004862124190750098
1.8430636195198902,-0.06063455233624828,0.00022799109936917506,0.008908361688759046
1.8451808942605217,-0.058372205912328244,0.0002858320522778988,0.009864320088117348
1.847269454890781,-0.056138568853301235,0.0008591089628128652,0.007382956283335377
1.8493286740254602,-0.05393447161561243,0.001367638915935648,0.0034859181948251757
1.8513579242793512,-0.05176074465570705,0.0010266071819572695,0.00035165467836529196
1.8533565782672454,-0.04961821843003033,0.0003351913537795965,0.004066763558581404
1.8553240086039355,-0.04750772339502744,0.00015660605305072549,0.0026684175757120342
1.857259587904213,-0.04543009000714367,0.0007926755455173334,0.0012913018511121152
1.85916268878287,-0.043386148722824175,0.0010781606546123685,6.417557872837156e-05
1.8610326838546984,-0.04137672999851421,0.00100941560521988,0.00031163845673458335
1.86286894573449,-0.03940266429065898,0.0016042083021484937,0.0006386196605206688
1.8646708470370368,-0.03746478205570369,0.002943474484319613,0.0006358264036449178
1.866437760377131,-0.03556391375009359,0.002554493706283031,0.0003844919671921286
1.8681690583695643,-0.03370088983027385,0.00021772941416617415,0.00021484743734328257
1.8698641136291285,-0.03187654075268972,0.0030731519002636827,0.0009764221968467709
1.871522298770616,-0.030091696973786407,0.0020065396730044173,0.0021436808089808136
1.8731429864088183,-0.02834718895000915,0.0025637729345915207,0.0010294018403246364
1.8747255491585273,-0.026643847137803146,0.002249911512770014,7.303148683834439e-05
1.8762693596345354,-0.02498250199361361,0.0030857357217423226,0.0006699341077252603
1.877773790451634,-0.02336398397388577,0.0005327487931087367,1.7607221903433416e-05
1.8792382142246153,-0.02178912353506482,0.0008913328818712927,0.0007342226113116713
1.8806620035682715,-0.02025875113359601,0.0027354274297272433,0.0010344738809144574
1.882044531097394,-0.018773697225924552,0.001370464811943873,7.706588507054895e-05
1.8833851694267745,-0.017334792268495634,0.005360126197833934,0.0008540223488148787
1.8846832911712061,-0.01594286671775451,0.004697797124886917,0.0017584412008230584
1.88593826894548,-0.014598751030146366,0.001038440034429455,0.001278534676512417
1.8871494753643878,-0.013303275662116445,0.0024954512171971067,0.00043943136974630795
1.8883162830427218,-0.012057271070109945,0.0003825015929001903,0.00037224188673309097
1.8894380645952744,-0.010861567710572107,0.0028560677718373864,0.0010905584596401796
1.890514192636837,-0.009716996039948127,0.003803745225950058,0.0003412945086644266
1.8915440397822012,-0.008624386514683221,0.0008825794609911328,0.0003797590944928217
1.8925269786461596,-0.0075845695912226275,0.001896976838865568,0.0010723173826373263
1.8934623818435041,-0.006598375726011539,0.00453040722558683,0.0017361162277361923
1.8943496219890261,-0.0056666353754951946,0.007013014874335305,0.0023709178155229224
1.8951880716975182,-0.004790178996118791,0.00933985749225164,0.0029765180460386126
1.8959771035837716,-0.003969837044327567,0.011505652848585624,0.003525503730602201
1.896716090262579,-0.0032064399765667296,0.012113281174990208,0.002997471880546177
1.8974044043487317,-0.002500818249281487,0.011429444128496448,0.002499531493360699
1.898041418457022,-0.001853802318917074,0.010801923721593248,0.001529354207532465
1.898626505202242,-0.0012662226419186923,0.010230859073905004,0.000492183769573589
1.8991590371991829,-0.0007389096747315742,0.009715946042501183,0.00043803426124336924
1.8996383870626374,-0.00027269387380092817,0.009256160417461929,0.0008135530581657517
1.9000639274073972,0.00013159430442803135,0.008849240271621265,0.000469354344416937
1.900435030848254,0.0004731244035100782,0.008490643250904022,0.00015615018952621062
1.90075107,0.000751065967,0.008221546734275205,0.00012583709041334828
