x,y,ψ,v,κ,δ
-1.9,-0.0,0.8592914378611305,0.5807056792510422,1.071739078323653,0.0
-1.8957818694711286,0.004926502891447089,0.8654522415717746,0.5847528559697257,1.021956880615314,0.0
-1.8915963327092487,0.009880728754168604,0.8713665220737611,0.5887333541456139,0.9742072690949869,0.0
-1.8874418953709458,0.01486106375083896,0.8770414790508042,0.5926450624721736,0.9283823793342786,0.0
-1.8833171208397559,0.019865994751215275,0.8824839934633681,0.596485986690315,0.8843794039303285,0.0
-1.8792206273441383,0.024894100955516394,0.887700637836437,0.6002542434579174,0.8421004213563849,0.0
-1.8751510851467954,0.029944046286400433,0.892697686495254,0.6039480545878833,0.8014522136658774,0.0
-1.8711072138196883,0.03501457247198696,0.897481125684605,0.6075657416358955,0.7623460768308982,0.0
-1.8670877796143817,0.04010449275029553,0.902056663518888,0.6111057208195743,0.7246976268274807,0.0
-1.8630915929338054,0.04521268613265528,0.9064297397202432,0.614566498251346,0.6884266040091096,0.0
-1.8591175059086267,0.050338092170126233,0.9106055351106329,0.6179466654680211,0.6534566778240758,0.0
-1.8551644100793376,0.05547970617279069,0.9145889808311131,0.6212448952407873,0.6197152535205794,0.0
-1.8512312341834687,0.06063657483701001,0.9183847672678161,0.6244599376500927,0.5871332821357574,0.0
-1.8473169420461517,0.06580779224040972,0.9219973526694663,0.6275906164106395,0.5556450747724953,0.0
-1.8434205305713065,0.07099249616853706,0.9254309714457357,0.630635825432486,0.5251881219230263,0.0
-1.8395410278301103,0.07618986474086302,0.9286896421395201,0.6335945256050121,0.4957029183942736,0.0
-1.8356774912429397,0.0813991133071259,0.931777175069343,0.6364657417912478,0.46713279422062165,0.0
-1.8318290058506967,0.08661949158797705,0.9346971796407108,0.6392485600208035,0.4394237518102333,0.0
-1.8279946826712434,0.09185028103652987,0.9374530713273748,0.6419421248703372,0.4125243094566335,0.0
-1.8241736571366134,0.09709079239976531,0.9400480783252055,0.6445456370211928,0.3863853512542189,0.0
-1.8203650876066506,0.10234036346084407,0.9424852478827745,0.6470583509844938,0.3609599833813286,0.0
-1.816568153954775,0.10759835694524097,0.9447674523138586,0.649479572984612,0.33620339665461635,0.0
-1.8127820562216759,0.11286415857528344,0.9468973946979352,0.651808658992539,0.31207273521129986,0.0
-1.809006013332835,0.11813717525915599,0.9488776142753905,0.6540450129012613,0.2885269711393222,0.0
-1.8052392618759279,0.12341683340175895,0.9507104915446247,0.6561880848357948,0.2655267848477573,0.0
-1.8014810549342963,0.12870257732598409,0.9523982530685683,0.658237369591057,0.24303445094941453,0.0
-1.797730660972859,0.13399386779402542,0.9539429759983064,0.6601924051912527,0.22101372941328357,0.0
-1.7939873627729557,0.13929018061927936,0.9553465923215981,0.6620527715649219,0.1994297617350801,0.0
-1.7902504564128154,0.14459100536022834,0.9566108928440812,0.6638180893302572,0.178248971868834,0.0
-1.7865192502904927,0.14989584408843118,0.9577375309108699,0.6654880186857071,0.15743897166041101,0.0
-1.782793064186224,0.1552042102234646,0.9587280258761328,0.6670622584013075,0.13696847052442765,0.0
-1.7790712283614085,0.16051562742815417,0.9595837663280488,0.6685405449065548,0.11680718910868503,0.0
-1.7753530826914472,0.16582962855807232,0.9603060130763303,0.6699226514710106,0.09692577669454351,0.0
-1.7716379758298901,0.17114575465967619,0.9608959019092536,0.6712083874741679,0.07729573208723908,0.0
-1.7679252644014511,0.17646355401190789,0.9613544461268693,0.6723975977614495,0.057889327756674,0.0
-1.7642143122215572,0.18178258120644264,0.9616825388567856,0.673490162083525,0.03867953699647526,0.0
-1.7605044895402482,0.1871023962621027,0.9618809551586246,0.6744859946164314,0.019639963876894394,0.0
-1.7567951723083277,0.19242256376924313,0.9619503539229524,0.6753850435602815,0.0007447757752685458,0.0
-1.753085741463779,0.19774265206017042,0.9618912795701876,0.6761872908146143,-0.018031361723847627,0.0
-1.749375582236561,0.20306223240187912,0.9617041635546979,0.6768927517287195,-0.03671334775822836,0.0
-1.745664083469987,0.20838087820758536,0.9613893256790014,0.6775014749255206,-0.0553257071379103,0.0
-1.7419506369569748,0.21369816426370075,0.9609469752227103,0.6780135421978492,-0.07389264949754201,0.0
-1.7382346367895314,0.21901366596903482,0.9603772118905842,0.6784290684761972,-0.09243812682445841,0.0
-1.7345154787199306,0.2243269585831291,0.9596800265838042,0.6787482018672562,-0.1109858895270447,0.0
-1.7307925595320854,0.2296376164807266,0.9588553019983393,0.6789711237627896,-0.12955954119916058,0.0
-1.7270652764217056,0.2349452124094492,0.9579028130540542,0.6790980490186082,-0.14818259222753144,0.0
-1.7233330263838833,0.24024931674782762,0.9568222271580105,0.6791292262036405,-0.16687851238000945,0.0
-1.7195952056068133,0.24554949676083992,0.9556131043052318,0.6790649379192996,-0.18567078250344524,0.0
-1.7158512088704196,0.2508453158501659,0.9542748970200585,0.6789055011895709,-0.20458294545046207,0.0
-1.7121004289487007,0.25613633279634446,0.9528069501410902,0.6786512679224525,-0.22363865634464442,0.0
-1.7083422560146702,0.26142210099001373,0.9512085004526276,0.6783026254435847,-0.24286173228341754,0.0
-1.7045760770468203,0.26670216764941057,0.9494786761654689,0.6778599971031234,-0.2622762015670779,0.0
-1.7008012752361386,0.27197607302115145,0.9476164962498984,0.6773238429571082,-0.2819063525309186,0.0
-1.6970172293926211,0.27724334956147206,0.9456208696237309,0.6766946605247922,-0.3017767820450061,0.0
-1.6932233133504953,0.2825035210947463,0.9434905941983481,0.6759729856235975,-0.32191244373274214,0.0
-1.6894188953712375,0.2877561019462317,0.9412243557857867,0.6751593932835769,-0.3423386959446841,0.0
-1.6856033375436452,0.2930005960457605,0.9388207268701168,0.6742544987434568,-0.36308134950799914,0.0
-1.6817759951802502,0.29823649599900043,0.9362781652465981,0.6732589585305533,-0.3841667152541034,0.0
-1.6779362162094564,0.30346328212274915,0.9335950125324053,0.6721734716270519,-0.40562165130728767,0.0
-1.6740833405628546,0.30868042144056784,0.9307694925531166,0.6709987807253504,-0.42747361009507406,0.0
-1.6702166995572838,0.31388736663486605,0.9277997096096202,0.6697356735753679,-0.44975068501641324,0.0
-1.6663356152712951,0.31908355495134566,0.9246836466306801,0.6683849844269294,-0.4724816566762147,0.0
-1.6624393999158182,0.32426840705148907,0.9214191632170583,0.666947595570531,-0.4956960385637013,0.0
-1.6585273551989599,0.3294413258085265,0.9180039935838987,0.6654244389799965,-0.5194241220172429,0.0
-1.6545987716850254,0.3346016950420505,0.9144357444089833,0.6638164980607253,-0.543697020279163,0.0
-1.650652928148046,0.33974887818615884,0.9107118925955341,0.6621248095074203,-0.5685467113999795,0.0
-1.6466890909203067,0.3448822168856911,0.9068297829594549,0.6603504652753663,-0.5940060797020192,0.0
-1.642706513236596,0.3500010295148037,0.9027866258522907,0.6584946146695017,-0.6201089554567515,0.0
-1.6387044345752624,0.3551046096117078,0.8985794947327619,0.6565584665556778,-0.6468901523677364,0.0
-1.6346820799973079,0.3601922242231851,0.8942053237015241,0.6545432916986517,-0.6743855023811164,0.0
-1.6306386594853872,0.36526311215184315,0.8896609050158204,0.6524504252314709,-0.7026318872672148,0.0
-1.6265733672847773,0.37031648209888246,0.8849428866029646,0.6502812692610191,-0.7316672663292386,0.0
-1.6224853812490299,0.37535151069458866,0.880047769594149,0.6480372956145496,-0.7615306994974289,0.0
-1.6183738621935437,0.3803673404083382,0.874971905902919,0.64572004873208,-0.7922623649582711,0.0
-1.6142379532609716,0.38536307732945313,0.8697114958758412,0.6433311487095101,-0.823903570347701,0.0
-1.6100767793031532,0.3903377888097571,0.8642625860464356,0.6408722944972731,-0.8564967564036295,0.0
-1.6058894462851416,0.39529050095822915,0.858621067027369,0.6383452672592198,-0.8900854918255906,0.0
-1.601675040717915,0.4002201959776882,0.8527826715802602,0.6357519338962527,-0.9247144579271325,0.0
-1.597432629127525,0.40512580933301356,0.8467429729072461,0.6330942507389763,-0.9604294214887744,0.0
-1.5931612575697844,0.41000622674000864,0.8404973832137369,0.630374267413276,-0.9972771940254493,0.0
-1.588859951201116,0.41486028096368344,0.8340411525975845,0.6275941308822851,-1.035305575471836,0.0
-1.5845277139179377,0.419686748414472,0.827369368326219,0.6247560896676303,-1.0745632800616707,0.0
-1.5801635280789763,0.42448434553076275,0.8204769545702053,0.6218624982521235,-1.1150998419334124,0.0
-1.5757663543271396,0.4292517249361256,0.8133586726691606,0.6189158216652014,-1.156965497735068,0.0
-1.571335131530201,0.43398747135982085,0.8060091220140566,0.6159186402513623,-1.2002110432271187,0.0
-1.5668687768624499,0.4386900973096315,0.7984227416386338,0.6128736546205859,-1.2448876605964787,0.0
-1.562366186052777,0.4433580384868244,0.7905938126219535,0.6097836907782431,-1.2910467128994707,0.0
-1.557826233828393,0.44798964893422805,0.7825164614140109,0.6066517054302537,-1.338739501752469,0.0
-1.5532477745875368,0.4525831959100737,0.7741846642067819,0.6034807914572121,-1.388016984091074,0.0
-1.5486296433391953,0.4571368544825417,0.7655922524840224,0.6002741835488548,-1.4389294435302693,0.0
-1.5439706569530254,0.4616487018429927,0.75673291989451,0.5970352639875272,-1.4915261115889347,0.0
-1.5392696157683479,0.4661167113398258,0.7476002306050864,0.5937675685662106,-1.545854733804822,0.0
-1.5345253056173314,0.4705387462399824,0.7381876293016899,0.5904747926231456,-1.6019610755759288,0.0
-1.5297365003242174,0.47491255323152115,0.7284884530183503,0.5871607971711023,-1.6598883624398735,0.0
-1.5249019647496511,0.47923575568870075,0.7184959449856118,0.5838296150948583,-1.7196766494666889,0.0
-1.5200204584568797,0.48350584673081853,0.7082032707007582,0.5804854573854424,-1.7813621145186695,0.0
-1.5150907400842464,0.48772018211831136,0.6976035364321346,0.5771327193741191,-1.8449762703544925,0.0
-1.5101115725166911,0.4918759730439671,0.6866898103783681,0.5737759869229416,-1.9105450909587678,0.0
-1.5050817289563918,0.4959702788949087,0.6754551467098362,0.5704200425219432,-1.978088048102512,0.0
-1.4999999999999998,0.5000000000817038,0.6638926127236758,0.567069871235686,-2.0476170550287573,0.0
-1.4999999999999993,0.5000000000817038,0.6638926127265247,0.5670698712369515,-2.047617054476981,0.0
-1.495792885257301,0.5032545667110581,0.6521269776393649,0.5637700537884265,-2.072466740466758,0.0
-1.4915501796519206,0.5064625974466418,0.6402895020879437,0.5605617993193516,-2.0967608996248286,0.0
-1.487272014658168,0.5096231844218874,0.6283831080878646,0.5574451645121479,-2.1204566295347065,0.0
-1.4829585500645426,0.5127354219901551,0.6164108352250147,0.5544201699719751,-2.1435112767932667,0.0
-1.478609974703604,0.5157984083795132,0.6043758376041666,0.5514867991730806,-2.165882607541889,0.0
-1.4742265071146856,0.5188112474200975,0.5922813803490633,0.5486449974627734,-2.1875289819616555,0.0
-1.4698083961316466,0.5217730503390604,0.5801308356560678,0.5458946711287305,-2.2084095315552674,0.0
-1.465355921387921,0.5246829376171802,0.5679276784065329,0.5432356865351925,-2.2284843379562584,0.0
-1.4608693937313413,0.5275400409002947,0.555675481346214,0.5406678693334129,-2.247714611936152,0.0
-1.4563491555414503,0.5303435049577763,0.5433779098432598,0.538191003751483,-2.2660628712242024,0.0
-1.4517955809424314,0.5330924896793721,0.5310387162395324,0.5358048319683573,-2.283493115714016,0.0
-1.447209075905279,0.5357861721008598,0.5186617338132152,0.5335090535765739,-2.2999709986077748,0.0
-1.442590078233428,0.5384237484481428,0.5062508703737999,0.5313033251377673,-2.315463992043439,0.0
-1.4379390574268105,0.541004436188668,0.49381010151357324,0.5291872598346541,-2.3299415457636963,0.0
-1.4332565144200995,0.5435274760783758,0.48134346354262764,0.5271604272226953,-2.3433752374182277,0.0
-1.4285429811918637,0.5459921341918356,0.4688550461371222,0.5252223530841366,-2.355738913143124,0.0
-1.4237990202423465,0.548397703922771,0.45634898473302865,0.5233725193865941,-2.3670088171326364,0.0
-1.419025223938708,0.5507435079418732,0.4438294526998369,0.5216103643477802,-2.3771637090085664,0.0
-1.4142222137277258,0.5530289000986326,0.4313006533306698,0.5199352826073874,-2.386184967899873,0.0
-1.4093906392171656,0.5552532672539116,0.41876681168690333,0.5183466255065367,-2.394056682268812,0.0
-1.4045311771283004,0.5574160310301418,0.406232166336722,0.5168437014745899,-2.4007657246576537,0.0
-1.3996445301233105,0.5595166494663516,0.39370096102799984,0.5154257765225037,-2.4063018106803264,0.0
-1.3947314255125733,0.5615546185657263,0.3811774363365107,0.5140920748412889,-2.4106575417432867,0.0
-1.3897926138480543,0.5635294737240809,0.3686658213306878,0.512841779503537,-2.413828431147488,0.0
-1.3848288674102283,0.5654407910284422,0.35617032529401116,0.5116740332653735,-2.415812913395453,0.0
-1.379840978597046,0.5672881884159303,0.3436951295455656,0.5105879394656408,-2.4166123367014425,0.0
-1.37482975822449,0.5690713266842637,0.33124437939841594,0.5095825630185569,-2.4162309388759184,0.0
-1.3697960337491664,0.5707899103464473,0.31882217629419407,0.5086569314955941,-2.4146758069247265,0.0
-1.3647406474241683,0.5724436883235802,0.30643257015069547,0.5078100362918436,-2.411956820866476,0.0
-1.3596644544000742,0.5740324544711531,0.2940795519573811,0.5070408338716985,-2.408086582425518,0.0
-1.3545683207834593,0.5755560479357221,0.28176704665148417,0.5063482470883034,-2.4030803294007184,0.0
-1.3494531216655778,0.577014353340366,0.26949890630496826,0.5057311665708812,-2.3969558366396253,0.0
-1.3443197391340993,0.5784073007989249,0.25727890364991385,0.505188452173756,-2.3897333046621627,0.0
-1.3391690602807163,0.5797348657605135,0.24511072596704417,0.5047189344806616,-2.381435237075926,0.0
-1.334001975217328,0.5809970686873402,0.23299796935909917,0.5043214163577464,-2.3720863080058123,0.0
-1.3288193751131459,0.5821939745702698,0.22094413342764035,0.5039946745485523,-2.3617132208232055,0.0
-1.3236221502646104,0.5833256922879385,0.20895261636868548,0.5037374613041833,-2.3503445595040118,0.0
-1.3184111882094074,0.5843923738164623,0.19702671049934778,0.5035485060418547,-2.338010633970582,0.0
-1.3131873718951288,0.5853942132979139,0.18516959822443912,0.5034265170250493,-2.3247433207803994,0.0
-1.307951577912306,0.5863314459767227,0.17338434844882067,0.503370183058588,-2.3105759005149626,0.0
-1.3027046748006115,0.5872043470140077,0.1616739134381859,0.5033781751920532,-2.295542893196688,0.0
-1.2974475214360404,0.5880132301905296,0.15004112612796616,0.5034491484251696,-2.27967989302101,0.0
-1.2921809655058505,0.5887584465094996,0.138488697877187,0.5035817434089696,-2.263023403636652,0.0
-1.286905842076958,0.5894403827108456,0.1270192166614024,0.5037745881368015,-2.2456106751409983,0.0
-1.2816229722624213,0.5900594597087748,0.11563514569630882,0.5040262996195356,-2.2274795438810124,0.0
-1.2763331619895528,0.5906161309645365,0.10433882248131628,0.5043354855396176,-2.208668276065351,0.0
-1.2710372008721655,0.5911108808062391,0.09313245825023349,0.5047007458789531,-2.1892154161018147,0.0
-1.265735861188422,0.5915442227073683,0.08201813781432893,0.5051206745159579,-2.1691596404777713,0.0
-1.260429896964809,0.591916697535357,0.07099781978135898,0.5055938607874685,-2.1485396179016973,0.0
-1.2551200431658291,0.5922288717811313,0.0600733371327132,0.5061188910115848,-2.1273938763228224,0.0
-1.249807014988183,0.5924813357800558,0.049246398139612325,0.5066943499678953,-2.1057606773448123,0.0
-1.2444915072574343,0.5926747019341176,0.03851858759831379,0.5073188223319202,-2.083677898449833,0.0
-1.2391741939244738,0.5928096029445427,0.027891368363509188,0.5079908940609887,-2.0611829233523835,0.0
-1.233855727658498,0.5928866900633449,0.017366083158548845,0.508709153729147,-2.038312540709216,0.0
-1.2285367395326936,0.5929066313715838,0.006943956640777854,0.5094721938090624,-2.0151028513233054,0.0
-1.2232178387983914,0.5928701100913545,-0.0033739022998957196,0.5102786118992513,-1.991589183897057,0.0
-1.2178996127430932,0.5927778229377798,-0.013586498031054226,0.5111270118953098,-1.9678060193132536,0.0
-1.2125826266275075,0.5926304785165171,-0.023692945478127392,0.5120160051041571,-1.9437869233522336,0.0
-1.2072674236965195,0.5924287957715463,-0.03369246725639628,0.5129442113006217,-1.919564487690644,0.0
-1.2019545252589001,0.5921735024872858,-0.04358439065552966,0.5139102597260046,-1.895170278971062,0.0
-1.1966444308304816,0.5918653338483797,-0.05336814449695717,0.5149127900285317,-1.8706347956828542,0.0
-1.1913376183355218,0.591505031059839,-0.0630432558836944,0.5159504531458753,-1.8459874325527135,0.0
-1.186034544361016,0.5910933400295915,-0.07260934686147232,0.5170219121301671,-1.8212564521083088,0.0
-1.18073564445882,0.5906310101149093,-0.08206613100917101,0.5181258429161466,-1.796468963050067,0.0
-1.1754413334905125,0.5901187929336382,-0.09141340997566186,0.5192609350332941,-1.7716509050439382,0.0
-1.1701520060102293,0.5895574412406642,-0.1006510699792098,0.52042589226298,-1.7468270395317704,0.0
-1.164868036680676,0.5889477078695902,-0.10977907828460734,0.5216194332418254,-1.722020946145155,0.0
-1.1595897807179376,0.5882903447392002,-0.11879747967221271,0.522840292012611,-1.697255024302814,0.0
-1.1543175743608067,0.5875861019239252,-0.12770639291204497,0.5240872185241998,-1.6725504995704408,0.0
-1.149051735360645,0.5868357267872082,-0.13650600725508272,0.525358979082043,-1.6479274343647075,0.0
-1.143792563488017,0.5860399631763928,-0.14519657895289878,0.5266543567509292,-1.6234047425896125,0.0
-1.1385403410526052,0.5851995506775269,-0.15377842781577783,0.5279721517117125,-1.599000207802886,0.0
-1.1332953334331575,0.5843152239282752,-0.1622519338184904,0.52931118157381,-1.5747305045223463,0.0
-1.1280577896144748,0.5833877119869746,-0.17061753376195674,0.5306702816453062,-1.5506112222965398,0.0
-1.122827942728702,0.5824177377557405,-0.17887571799812363,0.5320483051625313,-1.526656892180212,0.0
-1.1176060105984094,0.5814060174554266,-0.1870270272245039,0.5334441234809971,-1.5028810152728138,0.0
-1.1123921962792127,0.5803532601501813,-0.19507204935399522,0.5348566262295852,-1.4792960929969396,0.0
-1.107186688599882,0.5792601673192839,-0.20301141646480292,0.5362847214298735,-1.4559136588131167,0.0
-1.1019896626981198,0.5781274324739305,-0.210845801834542,0.5377273355824823,-1.4327443110872276,0.0
-1.0968012805503837,0.5769557408166262,-0.21857591706189433,0.5391834137222927,-1.4097977468470184,0.0
-1.091621691494335,0.5757457689408583,-0.2262025092785347,0.5406519194443664,-1.3870827961842438,0.0
-1.0864510327426562,0.5744981845687435,-0.23372635845343143,0.5421318349023627,-1.3646074570788327,0.0
-1.0812894298871694,0.5732136463243905,-0.24114827479105783,0.5436221607812054,-1.3423789304409819,0.0
-1.0761369973923318,0.571892803540762,-0.24846909622453137,0.5451219162457089,-1.3204036551859872,0.0
-1.0709938390773361,0.5705362960978823,-0.2556896860042169,0.546630138866825,-1.2986873431749317,0.0
-1.0658600485861704,0.5691447542902992,-0.2628109303818948,0.5481458845271184,-1.2772350138718502,0.0
-1.0607357098451242,0.567718798721788,-0.2698337363902024,0.5496682273070246,-1.2560510285847442,0.0
-1.0556208975073327,0.5662590402253495,-0.27675902971669575,0.5511962593533872,-1.2351391241736052,0.0
-1.050515677384051,0.564766079806647,-0.2835877526715675,0.5527290907317124,-1.2145024461235692,0.0
-1.0454201068624465,0.5632405086090975,-0.29032086224776626,0.5542658492635201,-1.1941435808952734,0.0
-1.0403342353097786,0.5616829078989213,-0.2969593282720206,0.5558056803501084,-1.1740645874775533,0.0
-1.0352581044639038,0.5600938490685377,-0.30350413164504725,0.5573477467839935,-1.1542670280796816,0.0
-1.030191748810117,0.5584738936567736,-0.3099562626690392,0.558891228549216,-1.1347519979115661,0.0
-1.0251351959443906,0.5568235933844381,-0.3163167194603665,0.5604353226116601,-1.115520154010511,0.0
-1.0200884669231276,0.555143490203897,-0.3225865064452868,0.5619792427004556,-1.0965717430825848,0.0
-1.0150515765995887,0.5534341163613566,-0.3287666329363563,0.5635222190814912,-1.0779066283351122,0.0
-1.0100245339471896,0.5516959944706495,-0.33485811178713376,0.5650634983239976,-1.0595243152845235,0.0
-1.0050073423699002,0.5499296375973847,-0.3408619581227083,0.5666023430611111,-1.0414239765307327,0.0
-0.9999999999999993,0.5481355493523985,-0.34677918814352726,0.5681380317452699,-1.0236044754953966,0.0
-0.999999999999999,0.5481355493523985,-0.3467791881398711,0.5681380317445196,-1.023604475684363,0.0
-0.9943562245763294,0.5460764477205422,-0.3526171531309805,0.569661232007712,-1.00829385812281,0.0
-0.9887250172766734,0.5439832185495291,-0.3583834834288802,0.5711627104757494,-0.9933504552378932,0.0
-0.9831063857157534,0.5418564635800456,-0.364079598005361,0.5726419170611851,-0.9787669468392028,0.0
-0.9775003332548,0.5396967677019984,-0.36970689461666395,0.5740983163633612,-0.9645360995240907,0.0
-0.9719068593582016,0.5375046994371293,-0.3752667498683853,0.5755313872700616,-0.9506507742928724,0.0
-0.9663259599277716,0.5352808114096478,-0.3807605193122819,0.5769406225688744,-0.9371039332881845,0.0
-0.960757627616029,0.5330256408047247,-0.3861895375722789,0.5783255285682138,-0.9238886457257347,0.0
-0.9552018521198123,0.530739709814748,-0.3915551184971642,0.5796856247279315,-0.910998093079767,0.0
-0.9496586204554684,0.5284235260733092,-0.3968585553376084,0.5810204432994265,-0.8984255735827578,0.0
-0.9441279172167873,0.5260775830769353,-0.4021011209453159,0.5823295289751579,-0.8861645060952241,0.0
-0.9386097248167914,0.5237023605946286,-0.4072840679922533,0.583612438547437,-0.8742084333980453,0.0
-0.9331040237144091,0.5212983250653122,-0.41240862920804566,0.5848687405763825,-0.8625510249563442,0.0
-0.9276107926270156,0.518865929983314,-0.41747601763376646,0.5860980150668916,-0.851186079200839,0.0
-0.9221300087297578,0.5164056162720487,-0.42248742689046864,0.5872998531544954,-0.8401075253695061,0.0
-0.9166616478425212,0.5139178126460738,-0.42744403146092835,0.5884738567999368,-0.8293094249495935,0.0
-0.9112056846053592,0.5114029359617313,-0.4323469869831824,0.5896196384923194,-0.8187859727572656,0.0
-0.9057620926431363,0.5088613915565781,-0.43719743055454785,0.5907368209606664,-0.8085314976896232,0.0
-0.9003308447201079,0.5062935735778448,-0.44199648104491357,0.5918250368937195,-0.798540463181437,0.0
-0.8949119128851034,0.5036998653001523,-0.446745239418186,0.5928839286678147,-0.7888074673966313,0.0
-0.8895052686079482,0.501080639432738,-0.4514447890608592,0.593913148082661,-0.7793272431824521,0.0
-0.8841108829077134,0.4984362584164366,-0.4560961961167693,0.5949123561048519,-0.7700946578122229,0.0
-0.8787287264733519,0.49576707471067344,-0.4607005098271614,0.5958812226189364,-0.761104712540727,0.0
-0.8733587697772413,0.49307343107072377,-0.4652587628752795,0.5968194261858771,-0.7523525419944919,0.0
-0.8680009831821263,0.490355660815492,-0.4697719717347567,0.5977266538087233,-0.7438334134176102,0.0
-0.8626553370419207,0.4876140880860689,-0.474241137021145,0.5986026007053264,-0.7355427257921956,0.0
-0.8573218017968085,0.48484902809532093,-0.47866724384598747,0.5994469700879312,-0.7274760088511475,0.0
-0.852000348063033,0.4820607873687509,-0.4830512621728943,0.6002594729494664,-0.7196289219995766,0.0
-0.846690946717786,0.4792496639768943,-0.48739414717513224,0.6010398278563789,-0.7119972531599847,0.0
-0.8413935689795302,0.476415947759476,-0.49169683959429356,0.6017877607478376,-0.70457691755518,0.0
-0.8361081864841148,0.47355992054157797,-0.49596026609965144,0.6025030047411504,-0.6973639564418233,0.0
-0.8308347713569907,0.4706818563420423,-0.5001853396478594,0.6031852999432323,-0.6903545358065345,0.0
-0.8255732962818316,0.4677820215743371,-0.5043729598426849,0.6038343932679721,-0.683544945035568,0.0
-0.8203237345658495,0.4648606752401121,-0.5085240132945152,0.604450038259339,-0.676931595568256,0.0
-0.8150860602020668,0.46191806911564964,-0.512639373979403,0.6050319949200846,-0.6705110195436242,0.0
-0.8098602479288028,0.4589544479314274,-0.5167199035974547,0.6055800295458906,-0.6642798684489014,0.0
-0.8046462732866131,0.4559700495449878,-0.5207664519303995,0.6060939145648193,-0.6582349117779869,0.0
-0.7994441126729133,0.4529651051073163,-0.5247798571982022,0.6065734283819276,-0.6523730357073633,0.0
-0.7942537433944946,0.44993983922290837,-0.5287609464146118,0.6070183552289098,-0.6466912417963961,0.0
-0.7890751437181492,0.446894470103717,-0.53271053574157,0.6074284850186338,-0.6411866457184815,0.0
-0.7839082929195882,0.4438292097171464,-0.5366294308424187,0.6078036132044449,-0.6358564760290681,0.0
-0.7787531713308473,0.44074426392826727,-0.5405184272338747,0.6081435406441092,-0.6306980729761804,0.0
-0.7736097603863522,0.4376398326364098,-0.5443783106367661,0.6084480734682792,-0.6257088873587144,0.0
-0.7684780426678194,0.4345161099062938,-0.5482098573255335,0.6087170229533594,-0.6208864794374808,0.0
-0.7633580019481512,0.4313732840938404,-0.5520138344765289,0.6089502053986622,-0.6162285179036717,0.0
-0.7582496232344831,0.4282115379668082,-0.5557910005151628,0.6091474420077397,-0.611732778909213,0.0
-0.7531528928105384,0.42503104882039067,-0.5595421054619613,0.6093085587737912,-0.6073971451632294,0.0
-0.7480677982784323,0.4218319885878994,-0.5632678912776192,0.6094333863690358,-0.6032196050987089,0.0
-0.7429943286000674,0.4186145239466578,-0.5669690922071475,0.6095217600379578,-0.5991982521132762,0.0
-0.7379324741382653,0.415378816419221,-0.5706464351232284,0.6095735194943261,-0.5953312838878981,0.0
-0.7328822266977604,0.4121250224700286,-0.5743006398689101,0.6095885088218983,-0.5916170017872371,0.0
-0.727843579566192,0.40885329359759476,-0.5779324195997821,0.6095665763787168,-0.5880538103453266,0.0
-0.7228165275552297,0.4055637764223349,-0.581542481125791,0.6095075747049199,-0.5846402168401963,0.0
-0.7178010670419485,0.4022566127701119,-0.5851315252528672,0.6094113604339801,-0.5813748309610756,0.0
-0.7127971960105923,0.3989319397515944,-0.5887002471245489,0.6092777942072967,-0.5782563645718161,0.0
-0.7078049140948444,0.39558988983749993,-0.5922493365637975,0.6091067405920664,-0.5752836315742211,0.0
-0.7028242226207337,0.392230590929796,-0.5957794784152208,0.6088980680023639,-0.5724555478750296,0.0
-0.6978551246503027,0.38885416642892595,-0.5992913528879215,0.6086516486233651,-0.5697711314603917,0.0
-0.692897625026163,0.3854607352971178,-0.6027856358992132,0.6083673583386474,-0.5672295025817946,0.0
-0.6879517304170678,0.3820504121178305,-0.6062629994194491,0.6080450766605122,-0.5648298840575185,0.0
-0.6830174493646297,0.37862330715138465,-0.6097241118182276,0.6076846866632682,-0.5625716016938771,0.0
-0.6780947923313171,0.37517952638681845,-0.6131696382122508,0.6072860749194269,-0.5604540848306695,0.0
-0.6731837717498638,0.37171917159000506,-0.6166002408151211,0.6068491314387571,-0.5584768670154912,0.0
-0.6682844020742287,0.3682423403480581,-0.620016579289383,0.6063737496101563,-0.5566395868117676,0.0
-0.6633966998322502,0.3647491261100487,-0.6234193111011226,0.6058598261462939,-0.5549419887456545,0.0
-0.6585206836801396,0.3612396182240501,-0.6268090918774567,0.6053072610309871,-0.5533839243972128,0.0
-0.6536563744589665,0.35771390197051794,-0.6301865757672545,0.6047159574692768,-0.5519653536415967,0.0
-0.6488037952532937,0.3541720585920088,-0.6335524158054564,0.6040858218401672,-0.5506863460463242,0.0
-0.6439629714521251,0.35061416531923245,-0.6369072642813609,0.6034167636520035,-0.549547082431075,0.0
-0.6391339308123389,0.34704029539342707,-0.6402517731112753,0.6027086955004627,-0.5485478565968572,0.0
-0.6343167035247838,0.3434505180850362,-0.6435865942159389,0.6019615330291339,-0.5476890772318334,0.0
-0.6295113222832269,0.33984489870866263,-0.6469123799031453,0.6011751948926725,-0.5469712700015488,0.0
-0.6247178223563539,0.33622349863426493,-0.650229783256012,0.6003496027225115,-0.5463950798318267,0.0
-0.6199362416630229,0.332586375294552,-0.6535394585273594,0.5994846810951243,-0.5459612733931264,0.0
-0.6151666208509999,0.32893358218852686,-0.6568420615406902,0.5985803575028251,-0.5456707417957686,0.0
-0.6104090033794037,0.3252651688811187,-0.6601382500982738,0.5976365623271114,-0.5455245035060347,0.0
-0.6056634356051083,0.32158118099883415,-0.6634286843968663,0.5966532288145447,-0.5455237074938534,0.0
-0.6009299668733645,0.3178816602213489,-0.6667140274516254,0.5956302930551777,-0.5456696366234953,0.0
-0.5962086496129109,0.3141666442689434,-0.669994945528795,0.5945676939635345,-0.5459637112994917,0.0
-0.5914995394359192,0.310436166885723,-0.6732721085877699,0.5934653732621614,-0.546407493380824,0.0
-0.5868026952429779,0.30669025781842046,-0.6765461907331757,0.5923232754677621,-0.5470026903773397,0.0
-0.58211817933359,0.3029289427907679,-0.6798178706776299,0.5911413478799429,-0.5477511599433148,0.0
-0.5774460575224517,0.2991522434732268,-0.68308783221588,0.589919540572595,-0.5486549146841163,0.0
-0.5727863992619314,0.2953601774479548,-0.6863567647110509,0.5886578063879447,-0.54971612729305,0.0
-0.5681392777711616,0.29155275816883985,-0.6896253635937689,0.5873561009333097,-0.5509371360366614,0.0
-0.5635047701721869,0.2877299949164242,-0.6928943308749654,0.5860143825806048,-0.5523204506080498,0.0
-0.558882957633648,0.28389189274752136,-0.696164375673206,0.584632612468645,-0.5538687583691457,0.0
-0.5542739255225149,0.2800384524393134,-0.6994362147574323,0.5832107545082978,-0.5555849310043847,0.0
-0.549677763564425,0.27616967042769663,-0.7027105731060497,0.5817487753905484,-0.5574720316098062,0.0
-0.5450945660132247,0.2722855387396218,-0.7059881844833397,0.5802466445975398,-0.5595333222433339,0.0
-0.5405244318303606,0.2683860449191591,-0.7092697920342317,0.5787043344166659,-0.561772271963838,0.0
-0.5359674648748131,0.2644711719469822,-0.7125561488985177,0.5771218199577912,-0.5641925653885823,0.0
-0.5314237741043386,0.26054089815295967,-0.7158480188456555,0.5754990791736898,-0.5667981118007932,0.0
-0.5268934737888252,0.2565951971214932,-0.7191461769313651,0.573836092883795,-0.5695930548414082,0.0
-0.5223766837366594,0.2526340375892301,-0.7224514101772886,0.5721328448013652,-0.5725817828215457,0.0
-0.5178735295350599,0.24865738333473514,-0.7257645182750548,0.5703893215641745,-0.575768939694935,0.0
-0.5133841428054324,0.24466519305967807,-0.7290863143161618,0.5686055127688524,-0.5791594367324282,0.0
-0.5089086614748748,0.2406574202610511,-0.7324176255491719,0.5667814110090001,-0.5827584649438495,0.0
-0.5044472300650817,0.23663401309389245,-0.7357592941657944,0.5649170119172259,-0.586571508295818,0.0
-0.499999999999999,0.23259491422395015,-0.7391121781175253,0.5630123142112491,-0.590604357777809,0.0
-0.4999999999999994,0.23259491422395015,-0.7391121781195658,0.5630123142122964,-0.5906043579270337,0.0
-0.49550952930148984,0.22848750062468864,-0.7423758894557266,0.5611260812476319,-0.5589482383812306,0.0
-0.4910329956808949,0.22436490135912865,-0.7454473299617607,0.5593163454704019,-0.5264466109322445,0.0
-0.48656956772198634,0.2202281160058037,-0.7483234009358568,0.5575820552818213,-0.4931285186272962,0.0
-0.48211837793512474,0.2160781647108419,-0.7510011343648809,0.5559222192474149,-0.4590242092483743,0.0
-0.4776785239500745,0.21191608749886154,-0.7534776954953133,0.5543359083791872,-0.42416509497327587,0.0
-0.47324906985051884,0.20774294358476383,-0.7557503852992251,0.5528222583169745,-0.38858371533860236,0.0
-0.4688290476486119,0.20355981068738233,-0.7578166428525939,0.551380471404443,-0.35231370364827175,0.0
-0.4644174588974102,0.19936778434527982,-0.7596740476431676,0.5500098186554173,-0.31538975689414045,0.0
-0.4600132764385378,0.19516797723428278,-0.7613203218247796,0.5487096416064151,-0.27784760917726603,0.0
-0.4556154462819775,0.1909615184856306,-0.7627533324344606,0.5474793540514492,-0.23972400853983605,0.0
-0.4512228896143917,0.18674955300288315,-0.7639710935879377,0.546318443655305,-0.2010566970396012,0.0
-0.4468345049319168,0.18253324077501665,-0.7649717686681129,0.5452264734416513,-0.16188439382140887,0.0
-0.44244917029287606,0.1783137561824248,-0.7657536725199222,0.5442030831524514,-0.12224678086484202,0.0
-0.438065745685363,0.17409228729187073,-0.7663152736635661,0.5432479904752524,-0.08218449101365942,0.0
-0.4336830755041163,0.1698700351357996,-0.7666551965365043,0.5423609921350139,-0.04173909782237691,0.0
-0.4292999911305561,0.16564821297084562,-0.7667722237728178,0.5415419648472108,-0.000953106688552315,0.0
-0.424915313609264,0.16142804550986023,-0.766665298526582,0.5407908661290186,0.04013005332315787,0.0
-0.4205278564135547,0.15721076812136275,-0.7663335268437648,0.5401077349654337,0.08146603761668414,0.0
-0.4161364282921292,0.15299762598999025,-0.7657761800848903,0.539492692327256,0.12300959486342616,0.0
-0.4117398361880776,0.14878987323130283,-0.7649926973983048,0.5389459415378984,0.16471457721337562,0.0
-0.4073368882207494,0.14458877195420586,-0.7639826882413395,0.5384677684860684,0.20653395270603223,0.0
-0.40292639672021846,0.14039559126428547,-0.7627459349440545,0.5380585416814269,0.2484198206993024,0.0
-0.3985071813032405,0.13621160620153372,-0.7612823953075294,0.5377187121504231,0.29032343115656756,0.0
-0.3940780719787557,0.13203809660626695,-0.7595922052259018,0.5374488131696122,0.3321952086446518,0.0
-0.38963791227012534,0.1278763459075307,-0.7576756813185556,0.5372494598338894,0.373984781897706,0.0
-0.3851855623404302,0.12372763982892505,-0.7555333235560479,0.5371213484572419,0.41564101979324597,0.0
-0.38071990210632833,0.11959326500760534,-0.7531658178605681,0.5370652558038106,0.45711207456597674,0.0
-0.3762398343251562,0.11547450752317019,-0.750574038658977,0.537082038147293,0.49834543305186046,0.0
-0.3717442876392351,0.11137265133428442,-0.7477590513638056,0.5371726301569911,0.5392879767084949,0.0
-0.36723221956068436,0.10728897662215017,-0.744722114755033,0.5373380436091381,0.5798860510976876,0.0
-0.36270261937950693,0.10322475804134615,-0.741464683233057,0.5375793659225128,0.6200855454417203,0.0
-0.35815451097732337,0.09918126288007476,-0.7379884089110395,0.5378977585177802,0.6598319827759345,0.0
-0.3535869555288807,0.0951597491334692,-0.7342951435128047,0.5382944550004795,0.6990706211168353,0.0
-0.3489990540734285,0.0911614634952956,-0.7303869400407225,0.53877075916813,0.7377465659470946,0.0
-0.34438994993822214,0.08718763927510655,-0.7262660541765592,0.5393280428425231,0.775804894187042,0.0
-0.3397588309968172,0.08323949424963635,-0.721934945377166,0.5399677435289302,0.8131907896771943,0.0
-0.3351049317454312,0.07931822845888963,-0.7173962776261399,0.5406913619046673,0.8498496900391616,0.0
-0.3304275351816323,0.07542502195907246,-0.7126529198022629,0.541500459140236,0.8857274446142075,0.0
-0.325725974470693,0.07156103254595918,-0.7077079456256423,0.5423966540570757,0.9207704830016946,0.0
-0.320999634386438,0.06772739346371509,-0.7025646331430608,0.5433816201268237,0.9549259935356926,0.0
-0.31624795251507015,0.06392521111536686,-0.6972264637151404,0.5444570823178978,0.9881421108496113,0.0
-0.3114704202123826,0.060155562792091194,-0.69169712046952,0.5456248137961434,1.0203681114888485,0.0
-0.3066665833068854,0.05641949443921143,-0.6859804861863972,0.5468866324872524,1.0515546163431106,0.0
-0.30183604254368906,0.052718018477241925,-0.6800806405854587,0.5482443975096406,1.0816537984868497,0.0
-0.29697845376643395,0.049052111696466394,-0.6740018569864438,0.549700005487442,1.1106195948418103,0.0
-0.29209352783710224,0.04542271324337522,-0.6677485983193406,0.5512553867542626,1.1384079199137351,0.0
-0.2871810302961621,0.04183072271681128,-0.6613255124644676,0.5529125014592698,1.1649768797099214,0.0
-0.28224078076809284,0.03827699839088258,-0.6547374269074442,0.5546733355881283,1.1902869838191739,0.0
-0.27727265211990526,0.03476235558060745,-0.6479893426992422,0.5565398969121518,1.2143013535346838,0.0
-0.2722765693827319,0.03128756516488367,-0.641086427717096,0.5585142108798519,1.2369859238269143,0.0
-0.2672525084488757,0.027853352279742807,-0.6340340092279749,0.560598316465804,1.2583096369306765,0.0
-0.2622004945588429,0.02446039519300765,-0.6268375657625255,0.5627942619923935,1.2782446253011055,0.0
-0.25712060059469793,0.021109324369386888,-0.6195027183137841,0.5651041009405529,1.2967663817190604,0.0
-0.2520129451978744,0.017800721732986493,-0.6120352208814774,0.5675298877660389,1.3138539143890213,0.0
-0.24687769073066304,0.014535120131793346,-0.6044409503892678,0.570073673738106,1.3294898849724484,0.0
-0.2417150411018101,0.011313003006517507,-0.5967258960087725,0.5727375028176183,1.3436607276365926,0.0
-0.2365252394772471,0.008134804263810913,-0.588896147930507,0.5755234075916792,1.3563567473716875,0.0
-0.23130856589736282,0.005000908351655738,-0.5809578856279493,0.5784334052817575,1.367572196036512,0.0
-0.22606533482226876,0.0019116505325634733,-0.5729173656666282,0.5814694938420338,1.377305324830396,0.0
-0.2207958926262453,-0.0011326826517840775,-0.5647809091153999,0.5846336481642948,1.3855584121552986,0.0
-0.21550061506200704,-0.004131852732663432,-0.5565548886217873,0.5879278164051436,1.3923377661201044,0.0
-0.2101799047146173,-0.007085668493060245,-0.5482457152173859,0.5913539164506112,1.3976537012455277,0.0
-0.20483418846384052,-0.009993984984319117,-0.5398598249227542,0.5949138325324091,1.40152048924645,0.0
-0.19946391497249233,-0.012856702393155072,-0.5314036652239054,0.5986094120091019,1.4039562840929745,0.0
-0.19406955221695352,-0.015673764772433353,-0.5228836814944039,0.6024424623243915,1.4049830218756398,0.0
-0.18865158507449808,-0.018445158649826467,-0.5143063034381631,0.6064147481535095,1.4046262963178093,0.0
-0.18321051298049154,-0.02117091152891317,-0.5056779316282612,0.6105279887474199,1.4029152110829533,0.0
-0.17774684766686175,-0.023851090297515587,-0.49700492421649245,0.6147838554831679,1.3998822103103938,0.0
-0.17226111099158117,-0.026485799558080426,-0.4882935838869255,0.6191839696272785,1.3955628890746667,0.0
-0.16675383286723,-0.029075179894732153,-0.4795501451244904,0.623729900317626,1.3899957856960559,0.0
-0.16122554929522148,-0.031619406091200314,-0.4707807618665961,0.628423162767698,1.383222158028954,0.0
-0.15567680051038535,-0.0341186853134609,-0.46199149560204644,0.6332652166956575,1.3752857460172403,0.0
-0.15010812923965702,-0.03657325527003166,-0.4531883039771342,0.6382574649791072,1.3662325229294106,0.0
-0.14452007907678424,-0.03898338236232026,-0.4443770299638355,0.6434012525349813,1.3561104377694513,0.0
-0.13891319297396987,-0.04134935983644808,-0.4355633916395602,0.6486978654225599,1.3449691514018525,0.0
-0.1332880118501516,-0.04367150594709931,-0.4267529726220637,0.6541485301662219,1.3328597689313952,0.0
-0.12764507331461816,-0.04595016214298232,-0.4179512131969384,0.6597544132932578,1.319834570841643,0.0
-0.12198491050377262,-0.04818569128251374,-0.40916340216872094,0.6655166210808473,1.3059467453228673,0.0
-0.11630805102808821,-0.050378475887352,-0.4003946694601324,0.6714361995051885,1.291250124113252,0.0
-0.11061501602565232,-0.0525289164404385,-0.391649979477425,0.6775141343847577,1.2757989240403205,0.0
-0.10490631931816877,-0.054637429734253645,-0.3829341252533301,0.6837513517087767,1.259647496286627,0.0
-0.09918246666485941,-0.05670444727408647,-0.37425172337276075,0.6901487181411883,1.24285008521926,0.0
-0.09344395510938822,-0.05873041374024598,-0.365607209680309,0.6967070416897765,1.225460598421221,0.0
-0.08769127241469214,-0.06071578551232972,-0.35700483576274744,0.7034270725295365,1.2075323893489294,0.0
-0.08192489658046197,-0.06266102925790122,-0.3484486661942781,0.7103095039689757,1.1891180538186332,0.0
-0.07614529543793941,-0.06456662058722966,-0.3399425765271931,0.7173549735477392,1.1702692412997098,0.0
-0.07035292631668223,-0.0664330427751078,-0.331490252005987,0.7245640642537605,1.1510364817690961,0.0
-0.06454823577800359,-0.06826078555018479,-0.3230951869788095,0.7319373058480729,1.1314690286620122,0.0
-0.058731659409881024,-0.07005034395173812,-0.3147606849764848,0.7394751762854457,1.1116147182433098,0.0
-0.0529036216782642,-0.07180221725335402,-0.30648985942618534,0.7471781032191314,1.0915198455241033,0.0
-0.047064535829883306,-0.07351690795258789,-0.29828563496420274,0.7550464655782322,1.0712290566622145,0.0
-0.04121480384184488,-0.07519492082533664,-0.2901507493101418,0.7630805952064776,1.0507852576144896,0.0
-0.03535481641352087,-0.07683676204336407,-0.2820877556632232,0.7712807785515771,1.0302295386555222,0.0
-0.029484952996461315,-0.07844293835317957,-0.2740990255802311,0.7796472583947265,1.0096011142418724,0.0
-0.023605581858298284,-0.08001395631427395,-0.266186752293942,0.7881802356103299,0.9889372775839071,0.0
-0.017717060176848716,-0.08155032159456131,-0.25835295443058837,0.7968798709465139,0.9682733691890897,0.0
-0.011819734160874989,-0.08305253832075432,-0.25059948008503674,0.8057462868175578,0.9476427585606458,0.0
-0.005913939194147439,-0.08452110848133053,-0.24292801121282584,0.8147795690999469,0.927076838173372,0.0
6.106226635438361e-16,-0.08595653137961343,-0.23534006829901036,0.8239797689243462,0.9066050288031781,0.0
6.106226635438361e-16,-0.08595653137961343,-0.23534006829905213,0.8239797689243544,0.9066050288274512,0.0
0.009872402331651167,-0.08827668774602507,-0.22792053467596762,0.8331942243518791,0.8668410609580638,0.0
0.019764648169579804,-0.09051074122203752,-0.22074515600699512,0.8422682274213635,0.8295095717999961,0.0
0.029675031500300385,-0.09266292270512971,-0.21380217198232082,0.8511988836265226,0.7944343864376746,0.0
0.039602030298265645,-0.09473712866783657,-0.2070805084090644,0.85998348418931,0.7614537975868674,0.0
0.04954428229267611,-0.09673695539181781,-0.20056973124263083,0.8686194920025611,0.7304192871076326,0.0
0.05950056446660688,-0.0986657289746147,-0.19426000386671408,0.8771045287741746,0.7011943631347973,0.0
0.06946977563610181,-0.10052653170583145,-0.18814204740482976,0.8854363632611603,0.6736535030775687,0.0
0.07945092158340743,-0.10232222531669229,-0.18220710385525654,0.893612900492748,0.6476811932988729,0.0
0.08944310231827018,-0.10405547152949075,-0.1764469018513699,0.9016321718915827,0.6231710568899591,0.0
0.09944550112029917,-0.10572875026877156,-0.1708536248600884,0.9094923262108892,0.6000250615779279,0.0
0.1094573750784207,-0.10734437584198536,-0.16541988164215393,0.9171916212134626,0.5781528004226919,0.0
0.11947804689393614,-0.10890451135202646,-0.1601386788089774,0.9247284160255517,0.5574708385614664,0.0
0.12950689775434215,-0.11041118156599986,-0.15500339532159987,0.9321011641051467,0.5379021198339909,0.0
0.13954336111794877,-0.11186628443253245,-0.1500077587878144,0.9393084067700291,0.5193754276645406,0.0
0.1495869172760544,-0.11327160141292285,-0.14514582342356322,0.946348767236167,0.5018248950842642,0.0
0.15963708858124837,-0.11462880676857364,-0.14041194955431813,0.9532209451217483,0.4851895592481721,0.0
0.16969343524828673,-0.11593947592777762,-0.13580078454122013,0.9599237113764079,0.46941295623516777,0.0
0.17975555164873633,-0.11720509303846788,-0.13130724502529273,0.9664559035989876,0.45444275231786635,0.0
0.18982306303269952,-0.1184270577995039,-0.12692650039104014,0.9728164217106359,0.4402304082529439,0.0
0.19989562262108415,-0.11960669165108855,-0.12265395735820761,0.9790042239531248,0.4267308734744368,0.0
0.20997290902025514,-0.12074524339463862,-0.11848524561743337,0.9850183231850632,0.4139023073737615,0.0
0.22005462391794306,-0.12184389430361953,-0.11441620443197435,0.9908577834511901,0.40170582512346925,0.0
0.23014049002518028,-0.12290376277926851,-0.11044287013367246,0.9965217168021948,0.390105265749107,0.0
0.24023024923399539,-0.12392590859858346,-0.10656146444685911,1.0020092803445693,0.3790669803771192,0.0
0.2503236609647778,-0.12491133679629308,-0.10276838357901234,1.0073196735018195,0.36855963878863923,0.0
0.2604205006807824,-0.12586100121761667,-0.09906018802169796,1.0124521354700537,0.35855405259113843,0.0
0.2705205585502394,-0.12677580777435507,-0.09543359300967653,1.0174059428524536,0.3490230134841446,0.0
0.2806236382391205,-0.12765661743314294,-0.0918854595900675,1.0221804074585052,0.3399411452432376,0.0
0.2907295558197851,-0.1285042489614476,-0.08841278625715004,1.0267748742551028,0.33128476817987124,0.0
0.3008381387826206,-0.12931948145406658,-0.08501270111177617,1.0311887194577456,0.3230317749546905,0.0
0.3109492251393996,-0.13010305666038924,-0.08168245450749541,1.035421348751068,0.31516151673020526,0.0
0.3210626626084614,-0.13085568113050416,-0.07841941214836014,1.0394721956288628,0.3076546987461436,0.0
0.33117830787303004,-0.13157802819631353,-0.07522104860602187,1.043340719844582,0.3004932844886235,0.0
0.3412960259050137,-0.13227073980211923,-0.07208494122615354,1.0470264059640662,0.2936604077034123,0.0
0.35141568934753425,-0.1329344281976483,-0.06900876439646214,1.050528762012936,0.2871402915748883,0.0
0.36153717795017176,-0.1335696775051559,-0.06599028415060441,1.0538473182117063,0.28091817445666006,0.0
0.3716603780517525,-0.13417704517107754,-0.06302735308419785,1.056981625792256,0.27498024159785034,0.0
0.38178518210579127,-0.1347570633116354,-0.060117905560849345,1.0599312558897998,0.2693135623614799,0.0
0.3919114882445723,-0.13531023996089434,-0.057259953187708386,1.0626957985049927,0.26390603247873395,0.0
0.4020391998780617,-0.1358370602289164,-0.054451580541510114,1.065274861531213,0.25874632092572164,0.0
0.4121682253243459,-0.1363379873769242,-0.0516909411274099,1.0676680698424816,0.25382382104808043,0.0
0.42229847746861093,-0.1368134638157142,-0.0489762535541398,1.0698750644378245,0.24912860559387642,0.0
0.43242987344800554,-0.13726391203296584,-0.0463057979101417,1.0718955016382223,0.2446513853470747,0.0
0.4425623343599846,-0.13768973545454952,-0.043677912326366225,1.0737290523325829,0.24038347108274946,0.0
0.45269578499198393,-0.13809131924445223,-0.04109098971237165,1.075375401269462,0.23631673859146266,0.0
0.4628301535704846,-0.13846903104750113,-0.038543474653224795,1.0768342463915035,0.2324435965441608,0.0
0.4729653715277128,-0.1388232216786637,-0.03603386045549767,1.0781052982097994,0.22875695699074994,0.0
0.48310137328438957,-0.13915422576234399,-0.03356068633137963,1.0791882792155967,0.22525020830544298,0.0
0.49323809604709556,-0.1394623623247618,-0.031122534710585254,1.08008292332696,0.22191719041023805,0.0
0.5033754796189434,-0.13974793534220112,-0.028718028670340665,1.0807889753681963,0.21875217212465428,0.0
0.5135134662223698,-0.14001123424763534,-0.02634582947427845,1.0813061905799901,0.2157498305053097,0.0
0.5236520003329608,-0.14025253439798166,-0.0240046342115671,1.0816343341583876,0.21290523205319453,0.0
0.5337910285233196,-0.14047209750400058,-0.02169317352804848,1.0817731808208717,0.2102138156797631,0.0
0.5439304993160676,-0.14067017202463547,-0.019410209441559072,1.0817225143979303,0.2076713773353103,0.0
0.5540703630451366,-0.14084699352738136,-0.017154533233970218,1.081482127448628,0.20527405621468586,0.0
0.5642105717245804,-0.14100278501607846,-0.014924963412799967,1.0810518208988074,0.20301832246630577,0.0
0.5743510789241917,-0.141137757227342,-0.012720343735530399,1.0804314037006533,0.20090096634077909,0.0
0.5844918396512504,-0.141252108896664,-0.01053954129000406,1.079620692512448,0.19891908872535483,0.0
0.5946328102377874,-0.14134602699505538,-0.00838144462448102,1.078619511397437,0.19707009301993184,0.0
0.6047739482327725,-0.1414196869369314,-0.006244961921107358,1.0774276915408143,0.19535167831962946,0.0
0.6149152122986743,-0.14147325275978387,-0.004129019206682108,1.0760450709839102,0.1937618338780061,0.0
0.6250565621118699,-0.1415068772760255,-0.002032558594712675,1.0744714943747409,0.19229883483401422,0.0
0.635197958266394,-0.14152070219723176,4.54634471849664e-05,1.0727068127341586,0.19096123919478514,0.0
0.6453393621805517,-0.14151485823084667,0.002106077810449575,1.0707508832368915,0.1897478860754608,0.0
0.6554807360059143,-0.14148946514925576,0.004150304445211847,1.06860356900684,0.1886578952066001,0.0
0.6656220425382431,-0.1414446318309595,0.0061791540523513854,1.0662647389260562,0.18769066772931978,0.0
0.6757632451298814,-0.14138045627340662,0.00819362977399253,1.0637342674568782,0.18684588830838214,0.0
0.6859043076031568,-0.14129702557686058,0.010194728888569341,1.0610120344767657,0.1861235286040274,0.0
0.6960451941643371,-0.14119441589847712,0.012183444516739878,1.0580979251254223,0.1855238521546239,0.0
0.7061858693176664,-0.1410726923755584,0.014160767344624278,1.0549918296638499,0.1850474207342879,0.0
0.7163262977790015,-0.140931909016724,0.016127687371077556,1.0516936433450337,0.1846951022626998,0.0
0.7264664443885813,-0.1407721085594872,0.018085195685995595,1.0482032662960032,0.1844680803585723,0.0
0.7366062740222156,-0.14059332229245802,0.020034286286989646,1.0445206034110686,0.18436786564382568,0.0
0.7467457515007287,-0.14039556984008217,0.021975957942159893,1.0406455642560828,0.18439630892272257,0.0
0.7568848414965983,-0.14017885890750437,0.023911216107154732,1.036578062983631,0.18455561637927223,0.0
0.7670235084374446,-0.1399431849827567,0.02584107490522514,1.0323180182591043,0.18484836695743445,0.0
0.7771617164055584,-0.13968853099305695,0.027766559179582803,1.0278653531976656,0.18527753211238285,0.0
0.7872994290327027,-0.1394148669115241,0.029688706628049465,1.023219995312175,0.18584649814771873,0.0
0.797436609389335,-0.13912214931007644,0.031608570030757184,1.0183818764722024,0.18655909138352705,0.0
0.8075732198672958,-0.13881032085366013,0.03352721958253214,1.0133509328743098,0.1874196064340658,0.0
0.8177092220548945,-0.1384793097302512,0.03544574534258063,1.0081271050238676,0.18843283791229,0.0
0.8278445766031841,-0.13812902901025884,0.03736525981521054,1.002710337728719,0.1896041159220773,0.0
0.8379792430820691,-0.1377593759280224,0.0392869006765771,0.997100580105105,0.1909393457487492,0.0
0.8481131798246856,-0.13737023107700722,0.04121183366386068,0.9912977855963275,0.19244505221530314,0.0
0.8582463437582828,-0.13696145750904043,0.04314125564488212,0.9853019120047276,0.19412842923680057,0.0
0.8683786902195573,-0.13653289972645397,0.04507639788796735,0.9791129215376555,0.19599739517999104,0.0
0.8785101727520861,-0.1360843825542711,0.047018529553910164,0.9727307808682084,0.19806065472108175,0.0
0.8886407428831173,-0.13561570987754026,0.048968961434185415,0.9661554612116451,0.20032776799348975,0.0
0.8987703498765249,-0.13512666322651448,0.05092904996217021,0.9593869384185106,0.20280922793168946,0.0
0.9088989404581994,-0.13461700018952438,0.05290020152707924,0.9524251930856561,0.20551654684956952,0.0
0.9190264585094721,-0.13408645262999425,0.05488387712366547,0.9452702106865066,0.2084623534452029,0.0
0.9291528447233892,-0.13353472467998576,0.056881597374531134,0.9379219817221168,0.21166050160242977,0.0
0.9392780362177006,-0.1329614904777634,0.05889494796620981,0.9303805018947632,0.2151261925676688,0.0
0.9494019660970601,-0.13236639161098085,0.06092558554509073,0.9226457723060639,0.21887611232336832,0.0
0.9595245629559636,-0.13174903421989162,0.06297524412485705,0.9147177996818823,0.22292858626401676,0.0
0.9696457503114053,-0.13110898570627474,0.06504574206350733,0.9065965966265823,0.22730375361453878,0.0
0.9797654459526601,-0.13044577098299093,0.06713898967534732,0.8982821819095534,0.2320237644237483,0.0
0.9898835611924086,-0.1297588681858414,0.06925699755173119,0.8897745807873166,0.23711300242886632,0.0
1.0000000000000004,-0.12904770375292318,0.07140188567396792,0.8810738253649905,0.2425983376349809,0.0
1.0000000000000009,-0.12904770375292318,0.07140188567466428,0.881073825365033,0.24259833762280555,0.0
1.0050996225031668,-0.1286797745153728,0.07356334808529431,0.8722964388517804,0.24558113003986373,0.0
1.010198781423227,-0.12830547535880016,0.0757295116134215,0.863558855374551,0.248596535956512,0.0
1.0152974654254605,-0.1279247616250381,0.07790022852255676,0.8548609780410664,0.2516444061292797,0.0
1.0203956629631596,-0.12753758812591023,0.08007534441546474,0.8462027089498425,0.25472454762111013,0.0
1.0254933622730038,-0.12714390913563747,0.08225469797119779,0.8375839491841427,0.25783672031645144,0.0
1.030590551370331,-0.126743678383197,0.08443812067027184,0.8290045988061613,0.2609806331779173,0.0
1.0356872180442978,-0.12633684904464085,0.08662543650734983,0.8204645568514563,0.26415594022437694,0.0
1.0407833498529298,-0.125923373735383,0.08881646169075856,0.811963721323652,0.267362236208631,0.0
1.0458789341180597,-0.12550320450246547,0.09101100432812304,0.803501989189432,0.27059905197098333,0.0
1.0509739579201538,-0.1250762928168145,0.09320886409735582,0.795079256373846,0.2738658494429889,0.0
1.0560684080930234,-0.12464258956549983,0.09540983190219131,0.7866954177559499,0.27716201627345044,0.0
1.0611622712184223,-0.12420204504401053,0.09761368951140208,0.778350367164813,0.28048686004631185,0.0
1.0662555336205273,-0.12375460894856448,0.0998202091807781,0.7700439973759097,0.28383960205745484,0.0
1.071348181360304,-0.1233002303684682,0.10202915325688956,0.7617762001079307,0.2872193706145015,0.0
1.0764402002297548,-0.12283885777854697,0.10424027376158977,0.7535468660200434,0.2906251938205503,0.0
1.0815315757460542,-0.12237043903166832,0.10645331195614353,0.7453558847096299,0.29405599179929376,0.0
1.0866222931455651,-0.12189492135138176,0.10866799788379376,0.7372031447105448,0.29751056831513634,0.0
1.0917123373777435,-0.12141225132470355,0.1108840498894957,0.7290885334919212,0.300987601737748,0.0
1.0968016930989317,-0.12092237489507629,0.11310117411546383,0.7210119374575725,0.3044856352958667,0.0
1.1018903446660382,-0.12042523735553701,0.11531906397108144,0.7129732419460252,0.3080030665601063,0.0
1.1069782761301157,-0.11992078334213191,0.11753739957562197,0.7049723312312325,0.31153813608894293,0.0
1.1120654712298308,-0.1194089568276188,0.11975584717212322,0.6970090885240166,0.3150889151659159,0.0
1.1171519133848384,-0.11888970111550459,0.12197405851063682,0.6890833959742865,0.31865329254931907,0.0
1.1222375856890643,-0.1183629588344686,0.12419167019894961,0.6811951346740936,0.32222896014819236,0.0
1.1273224709039003,-0.1178286719332296,0.12640830301873476,0.6733441846615766,0.32581339753019717,0.0
1.1324065514513229,-0.11728678167592053,0.12862356120494278,0.6655304249258667,0.32940385515786214,0.0
1.1374898094069437,-0.11673722863804094,0.13083703168608252,0.6577537334130112,0.33299733623965155,0.0
1.1425722264930076,-0.11617995270306739,0.1330482832828658,0.6500139870329991,0.33659057707117196,0.0
1.1476537840713452,-0.11561489305980814,0.13525686586250288,0.6423110616679577,0.3401800257295476,0.0
1.1527344631362912,-0.11504198820060181,0.13746230944572957,0.634644832181608,0.34376181897035324,0.0
1.157814244307617,-0.11446117592046486,0.13966412326342514,0.6270151724300682,0.3473317571613694,0.0
1.162893107823451,-0.11387239331731465,0.14186179475943833,0.6194219552741023,0.3508852770706487,0.0
1.1679710335332483,-0.11327557679339817,0.14405478853597636,0.6118650525929171,0.3544174223077389,0.0
1.173048000890823,-0.1126706620580795,0.14624254523762623,0.6043443352996198,0.3579228111961787,0.0
1.1781239889474782,-0.11205758413215319,0.14842448036976552,0.5968596733584584,0.3613956018323064,0.0
1.1831989763452666,-0.11143627735387146,0.15059998304678357,0.5894109358039724,0.36482945405973793,0.0
1.1882729413104298,-0.11080667538689469,0.1527684146651605,0.5819979907621988,0.3682174880601975,0.0
1.193345861647062,-0.11016871123040001,0.15492910749605232,0.5746207054740794,0.37155223922942376,0.0
1.1984177147310495,-0.10952231723161013,0.15708136319158633,0.5672789463212404,0.3748256089711236,0.0
1.2034884775043548,-0.10886742510103638,0.1592244511985925,0.5599725788543164,0.3780288110020127,0.0
1.2085581264697154,-0.1082039659307668,0.16135760707296692,0.5527014678240135,0.3811523127162349,0.0
1.21362663768584,-0.10753187021616861,0.1634800306872886,0.5454654772151217,0.38418577110733526,0.0
1.2186939867631874,-0.10685106788142124,0.16559088432367786,0.5382644702837015,0.3871179626897308,0.0
1.2237601488604595,-0.10616148830934967,0.1676892906431909,0.5310983095976877,0.38993670679847947,0.0
1.2288250986818972,-0.10546306037608413,0.1697743305222841,0.5239668570811833,0.3926287815751332,0.0
1.2338888104755525,-0.10475571249114247,0.17184504074604473,0.5168699740627299,0.39517983186757705,0.0
1.238951258032672,-0.10403937264360678,0.17390041154696365,0.5098075213278718,0.39757426818168995,0.0
1.2440124146883929,-0.10331396845515577,0.17593938397701406,0.5027793591763586,0.39979515572109053,0.0
1.2490722533239529,-0.10257942724081325,0.17796084709968077,0.495785347484364,0.4018240924364947,0.0
1.2541307463706577,-0.1018356760783908,0.17996363498735496,0.4888253457721289,0.40364107487644674,0.0
1.2591878658158804,-0.10108264188773475,0.18194652350814666,0.48189921327748014,0.40522435048428074,0.0
1.2642435832114205,-0.10032025152104244,0.18390822688466385,0.47500680903571624,0.40655025481959955,0.0
1.269297869684568,-0.09954843186568745,0.18584739400564365,0.4681479919663958,0.4075930319934857,0.0
1.274350695952323,-0.09876710996120196,0.18776260446947318,0.46132262096762366,0.4083246363917366,0.0
1.2794020323392026,-0.09797621313230348,0.18965236433659838,0.45453055501847855,0.40871451351580657,0.0
1.2844518487992922,-0.09717566914011513,0.1915151015655424,0.44777165329029767,0.4087293574923104,0.0
1.289500114943056,-0.0963654063540835,0.19334916110473516,0.44104577526760086,0.4083328424837427,0.0
1.2945468000697637,-0.0955453539474371,0.19515279960954643,0.4343527808795193,0.407485324869327,0.0
1.2995918732063534,-0.09471544211949692,0.19692417975078352,0.42769253064267965,0.40614351264856907,0.0
1.3046353031537479,-0.09387560234866,0.1986613640774274,0.42106488581659857,0.4042600980428081,0.0
1.3096770585417943,-0.09302576768048977,0.20036230839247945,0.41446970857274856,0.40178334872207894,0.0
1.3147171078942075,-0.09216587305607236,0.2020248545964341,0.40790686217858524,0.3986566524544899,0.0
1.319755419705108,-0.09129585568665566,0.20364672294801095,0.4013762111979617,0.394818009249604,0.0
1.3247919625290345,-0.09041565548161185,0.2052255036863066,0.3948776217095194,0.3901994642301268,0.0
1.3298267050866672,-0.08952521553797751,0.2067586479523859,0.38841096154481314,0.3847264734988743,0.0
1.3348596163887603,-0.08862448270131543,0.20824345794142457,0.38197610054813425,0.3783171941483325,0.0
1.3398906658815204,-0.08771340820935278,0.20967707620874268,0.375572910860219,0.37088168826196544,0.0
1.344919823616903,-0.08679194843204505,0.21105647404430788,0.36920126722828,0.3623210292486597,0.0
1.3499470604522315,-0.08586006572425076,0.21237843882039245,0.3628610473450937,0.3525262970972926,0.0
1.3549723482843523,-0.08491772941036145,0.21363956020589023,0.35655213222019466,0.34137744709335843,0.0
1.3599956603242247,-0.08396491692415124,0.21483621512813753,0.3502744065866072,0.32874203415120296,0.0
1.3650169714198008,-0.08300161513173332,0.2159645513487288,0.3440277593469587,0.314473772120804,0.0
1.3700362584356647,-0.08202782187156248,0.2170204695035178,0.3378120840633071,0.2984109041516805,0.0
1.3750535007005114,-0.08104354775261334,0.21799960343845454,0.33162727949555887,0.2803743563478308,0.0
1.3800686805355005,-0.08004881826110305,0.21889729865179078,0.3254732501939847,0.26016564241736984,0.0
1.38508178387954,-0.07904367623766301,0.21970858862908976,0.3193499071520605,0.2375644816771997,0.0
1.390092801031176,-0.0780281848015227,0.22042816882993813,0.31325716852668556,0.21232608645732376,0.0
1.3951017275314022,-0.07700243081698328,0.22105036805373432,0.3071949604337836,0.18417806746851642,0.0
1.4001085652173675,-0.07596652902158645,0.22156911687578626,0.3011632178283861,0.15281689681672878,0.0
1.405113323484804,-0.07492062696656303,0.22197791280343293,0.2951618854795638,0.11790385778279332,0.0
1.4101160208060526,-0.07386491096116493,0.22226978175414722,0.2891909190520406,0.07906039788908173,0.0
1.4151166865634526,-0.07279961326641585,0.22243723540253305,0.28325028630801785,0.03586278672076245,0.0
1.420115363273856,-0.0717250208559335,0.22247222387958837,0.2773399684447178,-0.01216403806235642,0.0
1.4251121093014847,-0.07064148615862659,0.22236608323412094,0.27145996158545316,-0.06555357473593228,0.0
1.4301070021847577,-0.06954944033058943,0.22210947698108716,0.26561027844471746,-0.12490597580712072,0.0
1.4351001427408043,-0.06844940978653444,0.22169233096285243,0.259790950190935,-0.19089757628441217,0.0
1.4400916601630107,-0.06734203697731861,0.2211037606345716,0.25400202853419623,-0.26429196560254836,0.0
1.4450817183975295,-0.06622810676417716,0.22033198975123805,0.24824358807064206,-0.34595288292835286,0.0
1.4500705241823861,-0.06510858026605026,0.21936425927810815,0.24251572892026835,-0.43685927150547166,0.0
1.4550583372694634,-0.06398463882941002,0.21818672516420645,0.23681857970096445,-0.5381228957958791,0.0
1.4600454835427907,-0.06285774192932612,0.21678434340577005,0.2311523008887448,-0.6510090082776596,0.0
1.465032372023726,-0.06172970458758653,0.21514074057723248,0.22551708862263245,-0.7769606543885549,0.0
1.4700195171530535,-0.06060280268611315,0.21323806771511422,0.21991317902275634,-0.9176273286536302,0.0
1.475007568324261,-0.0594799190640021,0.21105683509722836,0.21434085310229248,-1.074898847969715,0.0
1.4799973494965089,-0.05836475080399513,0.2085757250568338,0.20880044236831644,-1.2509454961410769,0.0
1.4849899129593698,-0.05726211110157106,0.2057713794981346,0.2032923352239481,-1.4482657255224105,0.0
1.4899866130768513,-0.05617838249683173,0.20261815822350954,0.19781698430499678,-1.6697429875005922,0.0
1.494989208087756,-0.05512222245166175,0.1990878635299006,0.19237491490941408,-1.918713616462812,0.0
1.5000000000000009,-0.054105710723144775,0.19514942576589667,0.18696673470819455,-2.199048127708327,0.0
1.5000000000000013,-0.054105710723144775,0.19514942576569208,0.186966734708187,-2.1990481265371264,0.0
1.5040050429087564,-0.05333374463181477,0.19089945804995123,0.18172514264914832,-2.3669840108401954,0.0
1.5080179790604884,-0.05260395209248358,0.18646008302180367,0.17678249620891767,-2.5375377879135605,0.0
1.512039469806791,-0.051922914914282664,0.18183802927714363,0.17213894789574347,-2.7085453437385945,0.0
1.5160698828032588,-0.05129688168171404,0.17704275040705253,0.16779463126861358,-2.8774536564519964,0.0
1.5201091233101176,-0.05073062408940482,0.17208663830460644,0.16374965581047807,-3.0413363509557367,0.0
1.524156523859216,-0.050225983162337444,0.1669851893589265,0.16000410161198536,-3.196932043199691,0.0
1.528210878804666,-0.04978059866609291,0.1617571076513659,0.15655801404297598,-3.340708640148537,0.0
1.5322706508879895,-0.04938754437004558,0.15642432929638597,0.15341139862840064,-3.468955349216653,0.0
1.5363342637530988,-0.04903629791859599,0.15101195325858574,0.15056421637862213,-3.5779021221402694,0.0
1.540400338297827,-0.048714703966956235,0.14554806651983215,0.14801637984657798,-3.6638636917800227,0.0
1.5444677942136171,-0.04841102548104849,0.14006345545613544,0.14576775019126267,-3.723402449387772,0.0
1.5485358394871422,-0.04811532636888001,0.13459120065688024,0.143818135514278,-3.7535014643603586,0.0
1.5526039116282244,-0.047819996098391375,0.12916615894628639,0.14216729070090747,-3.7517363721300416,0.0
1.5566716161190834,-0.04751965043652785,0.12382434362824811,0.14081491893847503,-3.716433094176213,0.0
1.5607386784190078,-0.0472107367846195,0.11860222138256067,0.13976067500441652,-3.646797817841031,0.0
1.5648049100026302,-0.04689107884488135,0.1135359510886197,0.1390041703191927,-3.5430066394344806,0.0
1.5688701846595698,-0.04655947545072264,0.10866059540403518,0.1385449796522739,-3.4062448437671367,0.0
1.5729344216482177,-0.046215388333769154,0.10400933951039187,0.1383826492623432,-3.238689783249219,0.0
1.576997573453765,-0.04585871513767567,0.09961275255897875,0.13851670615598544,-3.0434363006796055,0.0
1.5810596167592905,-0.04548963097997509,0.09549812576617744,0.1389466680723775,-2.82436898324546,0.0
1.5851205457408155,-0.04510848068007914,0.09168891688939383,0.13967205375296174,-2.5859905193111548,0.0
1.5891803670807416,-0.044715706758820674,0.0882043243362232,0.14069239303977438,-2.3332193720110723,0.0
1.5932390962644012,-0.04431180203861922,0.08505900605686414,0.14200723636523094,-2.071172369256174,0.0
1.5972967548372385,-0.043897278901092365,0.08226294944508385,0.1436161632470312,-1.8049483818205216,0.0
1.6013533683806611,-0.043472649715777203,0.07982148958187762,0.14551878947830701,-1.5394280558476063,0.0
1.6054089650245862,-0.0430384147108846,0.07773546509115185,0.14771477279664383,-1.2791018847411901,0.0
1.6094635743600099,-0.042595054773289925,0.07600149427175397,0.15020381691650453,-1.0279352363946306,0.0
1.6135172266492819,-0.04214302749205828,0.07461234943660043,0.15298567390841666,-0.7892748652224122,0.0
1.6175699522576128,-0.04168276531715289,0.07355740469516783,0.15606014499696486,-0.5657974805847504,0.0
1.6216217812487925,-0.041214675079008695,0.07282313169971737,0.15942707992221342,-0.3594975522797137,0.0
1.6256727431026459,-0.04073913836538828,0.07239361889432377,0.16308637506222357,-0.1717089919396675,0.0
1.6297228665225554,-0.04025651242009488,0.07225109219265044,0.16703797054683356,-0.0031537714233437694,0.0
1.6337721793094842,-0.03976713134103628,0.07237641834121336,0.1712818466059487,0.14599010631801154,0.0
1.6378207082849012,-0.03927130743105993,0.07274957607543217,0.17581801939189134,0.27600872123541415,0.0
1.6418684792495641,-0.03876933260607114,0.07335008416635723,0.18064653649846407,0.3875671325111903,0.0
1.6459155169681203,-0.038261479799376566,0.07415737927946747,0.18576747237320435,0.48162463980044945,0.0
1.6499618451727138,-0.03774800432421735,0.07515114000131912,0.19118092378764684,0.5593547037363741,0.0
1.6540074865796077,-0.03722914517206766,0.07631155629766527,0.19688700549658728,0.6220725231855546,0.0
1.6580524629151063,-0.03670512623447341,0.07761954598555783,0.20288584618403244,0.6711720796755788,0.0
1.6620967949476357,-0.03617615744305795,0.0790569215297318,0.20917758476267898,0.7080734544410895,0.0
1.6661405025237523,-0.03564243582671221,0.08060651165171447,0.2157623670666428,0.7341804330148318,0.0
1.6701836046064338,-0.035104146487778334,0.08225224293774575,0.22264034295443183,0.7508478379661019,0.0
1.6742261193144279,-0.03456146350072929,0.08397918693183906,0.22981166382097384,0.7593576532960077,0.0
1.6782680639617804,-0.03401455073780535,0.08577357818951699,0.2372764805037164,0.7609027934171155,0.0
1.68230945509691,-0.03346356262653542,0.08762280852792041,0.24503494155798267,0.7565772902387001,0.0
1.6863503085407783,-0.03290864484421736,0.08951540231199104,0.25308719187035783,0.7473716887779452,0.0
1.6903906394238573,-0.032349934954369323,0.0914409771255707,0.26143337157529734,0.7341725236908545,0.0
1.6944304622216875,-0.03178756298997483,0.09339019363959489,0.27007361523880086,0.7177648701833761,0.0
1.6984697907888702,-0.031221651988085485,0.09535469794438928,0.2790080512733425,0.6988371026626895,0.0
1.7025086383916133,-0.03065231848000892,0.09732705908621891,0.2882368015498096,0.6779871383999131,0.0
1.7065470177384192,-0.030079672941073457,0.09930070405762269,0.2977599811745776,0.6557295813161869,0.0
1.7105849410093756,-0.029503820203520464,0.10126985204745251,0.3075776984027128,0.6325033065475578,0.0
1.7146224198837838,-0.028924859835875182,0.10322944936516328,0.31769005466139716,0.6086791364212922,0.0
1.7186594655662755,-0.028342886491794554,0.1051751061159207,0.3280971446608161,0.5845673517575457,0.0
1.722696088811459,-0.027757990231133678,0.10710303541683128,0.33879905657281356,0.5604248593159635,0.0
1.7267322999471622,-0.027170256815717376,0.10900999570652035,0.3497958722605055,0.5364618979595476,0.0
1.7307681088963336,-0.02657976798206926,0.11089323650579334,0.3610876675446848,0.5128482144218692,0.0
1.7348035251976763,-0.025986601693138527,0.11275044783111118,0.3726745124952473,0.48971867635014604,0.0
1.7388385580250807,-0.025390832370870687,0.11457971333990892,0.38455647173797425,0.46717831746838717,0.0
1.742873216205922,-0.02479253111129323,0.11637946719239194,0.3967336047688567,0.4453068290530411,0.0
1.746907508238292,-0.02419176588362851,0.11814845454371785,0.4092059662697386,0.4241625250407499,0.0
1.7509414423072274,-0.023588601714802506,0.11988569552924508,0.42197360642040205,0.4037858163786511,0.0
1.7549750263000514,-0.02298310086058108,0.12159045257011543,0.43503657120337125,0.38420223484557925,0.0
1.7590082678205903,-0.022375322964501062,0.12326220080366598,0.4483949026986498,0.36542504847223806,0.0
1.7630411742029792,-0.021765325205516085,0.12490060143033185,0.46204863936640145,0.34745751063649283,0.0
1.767073752524318,-0.021153162435399615,0.1265054777635408,0.47599781631621524,0.3302947835101343,0.0
1.7711060096167652,-0.02053888730666282,0.12807679376974795,0.4902424655621182,0.31392557425153556,0.0
1.775137952078917,-0.01992255039177944,0.1296146348906855,0.504782616262909,0.29833351952710724,0.0
1.7791695862865478,-0.019304200294406184,0.13111919094787694,0.5196182949477043,0.28349835086390307,0.0
1.783200918402751,-0.01868388375322924,0.1325907409395167,0.5347495257268473,0.26939687017397407,0.0
1.7872319543875164,-0.018061645739011863,0.13402963955116548,0.5501763304885087,0.25600376167919253,0.0
1.7912627000067802,-0.01743752954536692,0.13543630521378125,0.5658987290814539,0.24329226349069913,0.0
1.7952931608409832,-0.016811576873732584,0.1368112095549245,0.5819167394845488,0.2312347193146885,0.0
1.799323342293166,-0.016183827912987996,0.13815486810123043,0.5982303779636398,0.21980302819638417,0.0
1.8033532495966265,-0.015554321414108323,0.13946783210216707,0.6148396592164879,0.2089690078898978,0.0
1.8073828878221738,-0.014923094760224341,0.14075068135653984,0.6317445965064518,0.1987046853539904,0.0
1.8114122618849986,-0.014290184032422121,0.14200401793403994,0.6489452017856258,0.18898252601508675,0.0
1.8154413765511814,-0.013655624071588813,0.1432284606943007,0.6664414858081226,0.17977561179645954,0.0
1.8194702364438695,-0.013019448536586596,0.14442464051538398,0.6842334582341787,0.17105777647033987,0.0
1.8234988460491297,-0.012381689959013866,0.14559319615236346,0.7023211277257392,0.16280370563040877,0.0
1.82752720972151,-0.011742379794790514,0.14673477065470544,0.7207045020341413,0.1549890074877439,0.0
1.8315553316893154,-0.011101548472787194,0.1478500082784984,0.739383588080498,0.14759025974630374,0.0
1.8355832160596233,-0.010459225440699275,0.1489395518362762,0.7583583920293364,0.1405850369976908,0.0
1.8396108668230489,-0.00981543920835168,0.1500040404332588,0.7776289193560253,0.13395192237360498,0.0
1.8436382878582778,-0.009170217388605734,0.15104410754432943,0.7971951749084788,0.12767050659382134,0.0
1.8476654829363772,-0.008523586736026465,0.152060379391034,0.8170571629636044,0.12172137703465147,0.0
1.8516924557250083,-0.007875573183438745,0.15305347358235344,0.8372148872789202,0.11608609900612772,0.0
1.8557192097919644,-0.0072262018766021605,0.15402399798701585,0.8576683511397372,0.11074719105518664,0.0
1.8597457486093854,-0.006575497206914343,0.15497254980871608,0.8784175574022808,0.10568809579783818,0.0
1.8637720755570126,-0.005923482842523102,0.15589971483883394,0.899462508533085,0.10089314751767207,0.0
1.8677981939256392,-0.005270181757770783,0.15680606686412596,0.9208032066449765,0.09634753754409031,0.0
1.8718241069203383,-0.004615616261139428,0.15769216720943943,0.9424396535299377,0.09203727823529166,0.0
1.8758498176635467,-0.003959808021778258,0.15855856439779478,0.9643718506891085,0.08794916623301431,0.0
1.879875329198004,-0.0033027780946996515,0.15940579391222773,0.9865997993601812,0.08407074552382823,0.0
1.8839006444895632,-0.002644546944723876,0.16023437804560514,1.0091235005423986,0.08039027073146608,0.0
1.8879257664298776,-0.001985134469246437,0.16104482582624915,1.0319429550193726,0.07689667097291443,0.0
1.891950697838966,-0.001324560019897864,0.1618376330086421,1.0550581633799052,0.07357951453493516,0.0
1.8959754414676697,-0.0006628424231600577,0.1626132821197674,1.0784691260369823,0.07042897456483756,0.0
1.9,-0.0,0.16337224255277366,1.1021758432451025,0.06743579591765356,0.0
